óﬂòaÇTîNìx ã≥â»ï ê¨ê—ï™ïzê}Åiñ{ééå±Åj,óﬂòa5îN2åé2ì˙,,,,,,,,,,,,,,,,,,,
ã≥â»ñº,ñûì_,ç≈çÇì_,ç≈í·ì_,ïΩãœì_,ïWèÄïŒç∑,éÛå±é“êî,ìæì_ó¶,ÇTï™ílÇeÇP,ÇTï™ílÇeÇQ,ÇTï™ílÇeÇR,ÇTï™ílÇeÇS,,,,,,,,,
çëÅ@åÍ,200,200,0,105.74,34.1,445358,0.5287,74,95,115,137,,,,,,,,,
ì_êî,êlêî,î‰ó¶ÅiÅìÅj,,,,,,,,,,,,,,,,,,
0,37,0.01,,,,,,,,,,,,,,,,,,
1,0,0,,,,,,,,,,,,,,,,,,
2,5,0,,,,,,,,,,,,,,,,,,
3,0,0,,,,,,,,,,,,,,,,,,
4,6,0,,,,,,,,,,,,,,,,,,
5,3,0,,,,,,,,,,,,,,,,,,
6,6,0,,,,,,,,,,,,,,,,,,
7,5,0,,,,,,,,,,,,,,,,,,
8,17,0,,,,,,,,,,,,,,,,,,
9,13,0,,,,,,,,,,,,,,,,,,
10,16,0,,,,,,,,,,,,,,,,,,
11,18,0,,,,,,,,,,,,,,,,,,
12,13,0,,,,,,,,,,,,,,,,,,
13,31,0.01,,,,,,,,,,,,,,,,,,
14,31,0.01,,,,,,,,,,,,,,,,,,
15,50,0.01,,,,,,,,,,,,,,,,,,
16,44,0.01,,,,,,,,,,,,,,,,,,
17,62,0.01,,,,,,,,,,,,,,,,,,
18,68,0.02,,,,,,,,,,,,,,,,,,
19,82,0.02,,,,,,,,,,,,,,,,,,
20,95,0.02,,,,,,,,,,,,,,,,,,
21,92,0.02,,,,,,,,,,,,,,,,,,
22,141,0.03,,,,,,,,,,,,,,,,,,
23,139,0.03,,,,,,,,,,,,,,,,,,
24,193,0.04,,,,,,,,,,,,,,,,,,
25,221,0.05,,,,,,,,,,,,,,,,,,
26,268,0.06,,,,,,,,,,,,,,,,,,
27,251,0.06,,,,,,,,,,,,,,,,,,
28,338,0.08,,,,,,,,,,,,,,,,,,
29,314,0.07,,,,,,,,,,,,,,,,,,
30,353,0.08,,,,,,,,,,,,,,,,,,
31,428,0.1,*,,,,,,,,,,,,,,,,,
32,411,0.09,*,,,,,,,,,,,,,,,,,
33,495,0.11,*,,,,,,,,,,,,,,,,,
34,541,0.12,*,,,,,,,,,,,,,,,,,
35,635,0.14,*,,,,,,,,,,,,,,,,,
36,626,0.14,*,,,,,,,,,,,,,,,,,
37,784,0.18,*,,,,,,,,,,,,,,,,,
38,750,0.17,*,,,,,,,,,,,,,,,,,
39,886,0.2,*,,,,,,,,,,,,,,,,,
40,932,0.21,*,,,,,,,,,,,,,,,,,
41,1020,0.23,*,,,,,,,,,,,,,,,,,
42,1017,0.23,*,,,,,,,,,,,,,,,,,
43,1123,0.25,**,,,,,,,,,,,,,,,,,
44,1191,0.27,**,,,,,,,,,,,,,,,,,
45,1266,0.28,**,,,,,,,,,,,,,,,,,
46,1368,0.31,**,,,,,,,,,,,,,,,,,
47,1348,0.3,**,,,,,,,,,,,,,,,,,
48,1549,0.35,**,,,,,,,,,,,,,,,,,
49,1672,0.38,**,,,,,,,,,,,,,,,,,
50,1726,0.39,**,,,,,,,,,,,,,,,,,
51,1872,0.42,***,,,,,,,,,,,,,,,,,
52,1905,0.43,***,,,,,,,,,,,,,,,,,
53,1866,0.42,***,,,,,,,,,,,,,,,,,
54,2036,0.46,***,,,,,,,,,,,,,,,,,
55,2087,0.47,***,,,,,,,,,,,,,,,,,
56,2183,0.49,***,,,,,,,,,,,,,,,,,
57,2429,0.55,***,,,,,,,,,,,,,,,,,
58,2517,0.57,***,,,,,,,,,,,,,,,,,
59,2536,0.57,***,,,,,,,,,,,,,,,,,
60,2559,0.57,***,,,,,,,,,,,,,,,,,
61,2744,0.62,****,,,,,,,,,,,,,,,,,
62,2731,0.61,****,,,,,,,,,,,,,,,,,
63,2853,0.64,****,,,,,,,,,,,,,,,,,
64,2913,0.65,****,,,,,,,,,,,,,,,,,
65,3008,0.68,****,,,,,,,,,,,,,,,,,
66,3120,0.7,****,,,,,,,,,,,,,,,,,
67,3246,0.73,****,,,,,,,,,,,,,,,,,
68,3210,0.72,****,,,,,,,,,,,,,,,,,
69,3368,0.76,*****,,,,,,,,,,,,,,,,,
70,3453,0.78,*****,,,,,,,,,,,,,,,,,
71,3424,0.77,*****,,,,,,,,,,,,,,,,,
72,3573,0.8,*****,,,,,,,,,,,,,,,,,
73,3592,0.81,*****,,,,,,,,,,,,,,,,,
74,3738,0.84,*****,,,,,,,,,,,,,,,,,
75,3724,0.84,*****,,,,,,,,,,,,,,,,,
76,3803,0.85,*****,,,,,,,,,,,,,,,,,
77,3854,0.87,*****,,,,,,,,,,,,,,,,,
78,3889,0.87,*****,,,,,,,,,,,,,,,,,
79,3960,0.89,*****,,,,,,,,,,,,,,,,,
80,3874,0.87,*****,,,,,,,,,,,,,,,,,
81,4144,0.93,******,,,,,,,,,,,,,,,,,
82,4019,0.9,*****,,,,,,,,,,,,,,,,,
83,4008,0.9,*****,,,,,,,,,,,,,,,,,
84,4012,0.9,*****,,,,,,,,,,,,,,,,,
85,4222,0.95,******,,,,,,,,,,,,,,,,,
86,4265,0.96,******,,,,,,,,,,,,,,,,,
87,4203,0.94,******,,,,,,,,,,,,,,,,,
88,4129,0.93,******,,,,,,,,,,,,,,,,,
89,4322,0.97,******,,,,,,,,,,,,,,,,,
90,4358,0.98,******,,,,,,,,,,,,,,,,,
91,4270,0.96,******,,,,,,,,,,,,,,,,,
92,4380,0.98,******,,,,,,,,,,,,,,,,,
93,4266,0.96,******,,,,,,,,,,,,,,,,,
94,4345,0.98,******,,,,,,,,,,,,,,,,,
95,4426,0.99,******,,,,,,,,,,,,,,,,,
96,4436,1,******,,,,,,,,,,,,,,,,,
97,4489,1.01,******,,,,,,,,,,,,,,,,,
98,4526,1.02,******,,,,,,,,,,,,,,,,,
99,4503,1.01,******,,,,,,,,,,,,,,,,,
100,4629,1.04,******,,,,,,,,,,,,,,,,,
101,4532,1.02,******,,,,,,,,,,,,,,,,,
102,4528,1.02,******,,,,,,,,,,,,,,,,,
103,4636,1.04,******,,,,,,,,,,,,,,,,,
104,4639,1.04,******,,,,,,,,,,,,,,,,,
105,4547,1.02,******,,,,,,,,,,,,,,,,,
106,4552,1.02,******,,,,,,,,,,,,,,,,,
107,4584,1.03,******,,,,,,,,,,,,,,,,,
108,4458,1,******,,,,,,,,,,,,,,,,,
109,4504,1.01,******,,,,,,,,,,,,,,,,,
110,4602,1.03,******,,,,,,,,,,,,,,,,,
111,4576,1.03,******,,,,,,,,,,,,,,,,,
112,4577,1.03,******,,,,,,,,,,,,,,,,,
113,4606,1.03,******,,,,,,,,,,,,,,,,,
114,4484,1.01,******,,,,,,,,,,,,,,,,,
115,4475,1,******,,,,,,,,,,,,,,,,,
116,4412,0.99,******,,,,,,,,,,,,,,,,,
117,4427,0.99,******,,,,,,,,,,,,,,,,,
118,4452,1,******,,,,,,,,,,,,,,,,,
119,4356,0.98,******,,,,,,,,,,,,,,,,,
120,4473,1,******,,,,,,,,,,,,,,,,,
121,4302,0.97,******,,,,,,,,,,,,,,,,,
122,4220,0.95,******,,,,,,,,,,,,,,,,,
123,4326,0.97,******,,,,,,,,,,,,,,,,,
124,4209,0.95,******,,,,,,,,,,,,,,,,,
125,4192,0.94,******,,,,,,,,,,,,,,,,,
126,4241,0.95,******,,,,,,,,,,,,,,,,,
127,4074,0.91,*****,,,,,,,,,,,,,,,,,
128,4105,0.92,******,,,,,,,,,,,,,,,,,
129,4105,0.92,******,,,,,,,,,,,,,,,,,
130,3998,0.9,*****,,,,,,,,,,,,,,,,,
131,4000,0.9,*****,,,,,,,,,,,,,,,,,
132,3929,0.88,*****,,,,,,,,,,,,,,,,,
133,3874,0.87,*****,,,,,,,,,,,,,,,,,
134,3857,0.87,*****,,,,,,,,,,,,,,,,,
135,3744,0.84,*****,,,,,,,,,,,,,,,,,
136,3759,0.84,*****,,,,,,,,,,,,,,,,,
137,3581,0.8,*****,,,,,,,,,,,,,,,,,
138,3543,0.8,*****,,,,,,,,,,,,,,,,,
139,3496,0.78,*****,,,,,,,,,,,,,,,,,
140,3492,0.78,*****,,,,,,,,,,,,,,,,,
141,3412,0.77,*****,,,,,,,,,,,,,,,,,
142,3404,0.76,*****,,,,,,,,,,,,,,,,,
143,3122,0.7,****,,,,,,,,,,,,,,,,,
144,3123,0.7,****,,,,,,,,,,,,,,,,,
145,3041,0.68,****,,,,,,,,,,,,,,,,,
146,3272,0.73,****,,,,,,,,,,,,,,,,,
147,2952,0.66,****,,,,,,,,,,,,,,,,,
148,2887,0.65,****,,,,,,,,,,,,,,,,,
149,2748,0.62,****,,,,,,,,,,,,,,,,,
150,2758,0.62,****,,,,,,,,,,,,,,,,,
151,2630,0.59,****,,,,,,,,,,,,,,,,,
152,2588,0.58,***,,,,,,,,,,,,,,,,,
153,2521,0.57,***,,,,,,,,,,,,,,,,,
154,2352,0.53,***,,,,,,,,,,,,,,,,,
155,2251,0.51,***,,,,,,,,,,,,,,,,,
156,2176,0.49,***,,,,,,,,,,,,,,,,,
157,2117,0.48,***,,,,,,,,,,,,,,,,,
158,2089,0.47,***,,,,,,,,,,,,,,,,,
159,2085,0.47,***,,,,,,,,,,,,,,,,,
160,1898,0.43,***,,,,,,,,,,,,,,,,,
161,1801,0.4,**,,,,,,,,,,,,,,,,,
162,1623,0.36,**,,,,,,,,,,,,,,,,,
163,1609,0.36,**,,,,,,,,,,,,,,,,,
164,1559,0.35,**,,,,,,,,,,,,,,,,,
165,1477,0.33,**,,,,,,,,,,,,,,,,,
166,1406,0.32,**,,,,,,,,,,,,,,,,,
167,1164,0.26,**,,,,,,,,,,,,,,,,,
168,1229,0.28,**,,,,,,,,,,,,,,,,,
169,1184,0.27,**,,,,,,,,,,,,,,,,,
170,1132,0.25,**,,,,,,,,,,,,,,,,,
171,1016,0.23,*,,,,,,,,,,,,,,,,,
172,897,0.2,*,,,,,,,,,,,,,,,,,
173,803,0.18,*,,,,,,,,,,,,,,,,,
174,725,0.16,*,,,,,,,,,,,,,,,,,
175,675,0.15,*,,,,,,,,,,,,,,,,,
176,661,0.15,*,,,,,,,,,,,,,,,,,
177,705,0.16,*,,,,,,,,,,,,,,,,,
178,488,0.11,*,,,,,,,,,,,,,,,,,
179,489,0.11,*,,,,,,,,,,,,,,,,,
180,386,0.09,*,,,,,,,,,,,,,,,,,
181,412,0.09,*,,,,,,,,,,,,,,,,,
182,386,0.09,*,,,,,,,,,,,,,,,,,
183,312,0.07,,,,,,,,,,,,,,,,,,
184,332,0.07,,,,,,,,,,,,,,,,,,
185,168,0.04,,,,,,,,,,,,,,,,,,
186,196,0.04,,,,,,,,,,,,,,,,,,
187,144,0.03,,,,,,,,,,,,,,,,,,
188,185,0.04,,,,,,,,,,,,,,,,,,
189,144,0.03,,,,,,,,,,,,,,,,,,
190,94,0.02,,,,,,,,,,,,,,,,,,
191,79,0.02,,,,,,,,,,,,,,,,,,
192,17,0,,,,,,,,,,,,,,,,,,
193,93,0.02,,,,,,,,,,,,,,,,,,
194,24,0.01,,,,,,,,,,,,,,,,,,
195,71,0.02,,,,,,,,,,,,,,,,,,
196,45,0.01,,,,,,,,,,,,,,,,,,
197,0,0,,,,,,,,,,,,,,,,,,
198,1,0,,,,,,,,,,,,,,,,,,
199,0,0,,,,,,,,,,,,,,,,,,
200,34,0.01,,,,,,,,,,,,,,,,,,
óﬂòaÇTîNìx â»ñ⁄ï ê¨ê—ï™ïzê}Åiñ{ééå±Åj,óﬂòa5îN2åé2ì˙,,,,,,,,,,,,,,,,,,,
â»ñ⁄ñº,ñûì_,ç≈çÇì_,ç≈í·ì_,ïΩãœì_,ïWèÄïŒç∑,éÛå±é“êî,ìæì_ó¶,ÇTï™ílÇeÇP,ÇTï™ílÇeÇQ,ÇTï™ílÇeÇR,ÇTï™ílÇeÇS,ÇPíiäK,ÇQíiäK,ÇRíiäK,ÇSíiäK,ÇTíiäK,ÇUíiäK,ÇVíiäK,ÇWíiäK,ÇXíiäK
çëåÍ,200,200,0,105.74,34.1,445358,0.5287,74,95,115,137,0Å`47,48Å`61,62Å`77,78Å`95,96Å`115,116Å`133,134Å`149,150Å`163,164Å`200
ì_êî,êlêî,î‰ó¶ÅiÅìÅj,,,,,,,,,,,,,,,,,,
ÇPíiäK,17733,3.98174,,,,,,,,,,,,,,,,,,
0,37,0.01,,,,,,,,,,,,,,,,,,
1,0,0,,,,,,,,,,,,,,,,,,
2,5,0,,,,,,,,,,,,,,,,,,
3,0,0,,,,,,,,,,,,,,,,,,
4,6,0,,,,,,,,,,,,,,,,,,
5,3,0,,,,,,,,,,,,,,,,,,
6,6,0,,,,,,,,,,,,,,,,,,
7,5,0,,,,,,,,,,,,,,,,,,
8,17,0,,,,,,,,,,,,,,,,,,
9,13,0,,,,,,,,,,,,,,,,,,
10,16,0,,,,,,,,,,,,,,,,,,
11,18,0,,,,,,,,,,,,,,,,,,
12,13,0,,,,,,,,,,,,,,,,,,
13,31,0.01,,,,,,,,,,,,,,,,,,
14,31,0.01,,,,,,,,,,,,,,,,,,
15,50,0.01,,,,,,,,,,,,,,,,,,
16,44,0.01,,,,,,,,,,,,,,,,,,
17,62,0.01,,,,,,,,,,,,,,,,,,
18,68,0.02,,,,,,,,,,,,,,,,,,
19,82,0.02,,,,,,,,,,,,,,,,,,
20,95,0.02,,,,,,,,,,,,,,,,,,
21,92,0.02,,,,,,,,,,,,,,,,,,
22,141,0.03,,,,,,,,,,,,,,,,,,
23,139,0.03,,,,,,,,,,,,,,,,,,
24,193,0.04,,,,,,,,,,,,,,,,,,
25,221,0.05,,,,,,,,,,,,,,,,,,
26,268,0.06,,,,,,,,,,,,,,,,,,
27,251,0.06,,,,,,,,,,,,,,,,,,
28,338,0.08,,,,,,,,,,,,,,,,,,
29,314,0.07,,,,,,,,,,,,,,,,,,
30,353,0.08,,,,,,,,,,,,,,,,,,
31,428,0.1,*,,,,,,,,,,,,,,,,,
32,411,0.09,*,,,,,,,,,,,,,,,,,
33,495,0.11,*,,,,,,,,,,,,,,,,,
34,541,0.12,*,,,,,,,,,,,,,,,,,
35,635,0.14,*,,,,,,,,,,,,,,,,,
36,626,0.14,*,,,,,,,,,,,,,,,,,
37,784,0.18,*,,,,,,,,,,,,,,,,,
38,750,0.17,*,,,,,,,,,,,,,,,,,
39,886,0.2,*,,,,,,,,,,,,,,,,,
40,932,0.21,*,,,,,,,,,,,,,,,,,
41,1020,0.23,*,,,,,,,,,,,,,,,,,
42,1017,0.23,*,,,,,,,,,,,,,,,,,
43,1123,0.25,**,,,,,,,,,,,,,,,,,
44,1191,0.27,**,,,,,,,,,,,,,,,,,
45,1266,0.28,**,,,,,,,,,,,,,,,,,
46,1368,0.31,**,,,,,,,,,,,,,,,,,
47,1348,0.3,**,,,,,,,,,,,,,,,,,
ÇQíiäK,29681,6.664526,,,,,,,,,,,,,,,,,,
48,1549,0.35,**,,,,,,,,,,,,,,,,,
49,1672,0.38,**,,,,,,,,,,,,,,,,,
50,1726,0.39,**,,,,,,,,,,,,,,,,,
51,1872,0.42,***,,,,,,,,,,,,,,,,,
52,1905,0.43,***,,,,,,,,,,,,,,,,,
53,1866,0.42,***,,,,,,,,,,,,,,,,,
54,2036,0.46,***,,,,,,,,,,,,,,,,,
55,2087,0.47,***,,,,,,,,,,,,,,,,,
56,2183,0.49,***,,,,,,,,,,,,,,,,,
57,2429,0.55,***,,,,,,,,,,,,,,,,,
58,2517,0.57,***,,,,,,,,,,,,,,,,,
59,2536,0.57,***,,,,,,,,,,,,,,,,,
60,2559,0.57,***,,,,,,,,,,,,,,,,,
61,2744,0.62,****,,,,,,,,,,,,,,,,,
ÇRíiäK,53610,12.037506,,,,,,,,,,,,,,,,,,
62,2731,0.61,****,,,,,,,,,,,,,,,,,
63,2853,0.64,****,,,,,,,,,,,,,,,,,
64,2913,0.65,****,,,,,,,,,,,,,,,,,
65,3008,0.68,****,,,,,,,,,,,,,,,,,
66,3120,0.7,****,,,,,,,,,,,,,,,,,
67,3246,0.73,****,,,,,,,,,,,,,,,,,
68,3210,0.72,****,,,,,,,,,,,,,,,,,
69,3368,0.76,*****,,,,,,,,,,,,,,,,,
70,3453,0.78,*****,,,,,,,,,,,,,,,,,
71,3424,0.77,*****,,,,,,,,,,,,,,,,,
72,3573,0.8,*****,,,,,,,,,,,,,,,,,
73,3592,0.81,*****,,,,,,,,,,,,,,,,,
74,3738,0.84,*****,,,,,,,,,,,,,,,,,
75,3724,0.84,*****,,,,,,,,,,,,,,,,,
76,3803,0.85,*****,,,,,,,,,,,,,,,,,
77,3854,0.87,*****,,,,,,,,,,,,,,,,,
ÇSíiäK,75092,16.861042,,,,,,,,,,,,,,,,,,
78,3889,0.87,*****,,,,,,,,,,,,,,,,,
79,3960,0.89,*****,,,,,,,,,,,,,,,,,
80,3874,0.87,*****,,,,,,,,,,,,,,,,,
81,4144,0.93,******,,,,,,,,,,,,,,,,,
82,4019,0.9,*****,,,,,,,,,,,,,,,,,
83,4008,0.9,*****,,,,,,,,,,,,,,,,,
84,4012,0.9,*****,,,,,,,,,,,,,,,,,
85,4222,0.95,******,,,,,,,,,,,,,,,,,
86,4265,0.96,******,,,,,,,,,,,,,,,,,
87,4203,0.94,******,,,,,,,,,,,,,,,,,
88,4129,0.93,******,,,,,,,,,,,,,,,,,
89,4322,0.97,******,,,,,,,,,,,,,,,,,
90,4358,0.98,******,,,,,,,,,,,,,,,,,
91,4270,0.96,******,,,,,,,,,,,,,,,,,
92,4380,0.98,******,,,,,,,,,,,,,,,,,
93,4266,0.96,******,,,,,,,,,,,,,,,,,
94,4345,0.98,******,,,,,,,,,,,,,,,,,
95,4426,0.99,******,,,,,,,,,,,,,,,,,
ÇTíiäK,90883,20.406728,,,,,,,,,,,,,,,,,,
96,4436,1,******,,,,,,,,,,,,,,,,,
97,4489,1.01,******,,,,,,,,,,,,,,,,,
98,4526,1.02,******,,,,,,,,,,,,,,,,,
99,4503,1.01,******,,,,,,,,,,,,,,,,,
100,4629,1.04,******,,,,,,,,,,,,,,,,,
101,4532,1.02,******,,,,,,,,,,,,,,,,,
102,4528,1.02,******,,,,,,,,,,,,,,,,,
103,4636,1.04,******,,,,,,,,,,,,,,,,,
104,4639,1.04,******,,,,,,,,,,,,,,,,,
105,4547,1.02,******,,,,,,,,,,,,,,,,,
106,4552,1.02,******,,,,,,,,,,,,,,,,,
107,4584,1.03,******,,,,,,,,,,,,,,,,,
108,4458,1,******,,,,,,,,,,,,,,,,,
109,4504,1.01,******,,,,,,,,,,,,,,,,,
110,4602,1.03,******,,,,,,,,,,,,,,,,,
111,4576,1.03,******,,,,,,,,,,,,,,,,,
112,4577,1.03,******,,,,,,,,,,,,,,,,,
113,4606,1.03,******,,,,,,,,,,,,,,,,,
114,4484,1.01,******,,,,,,,,,,,,,,,,,
115,4475,1,******,,,,,,,,,,,,,,,,,
ÇUíiäK,75695,16.996438,,,,,,,,,,,,,,,,,,
116,4412,0.99,******,,,,,,,,,,,,,,,,,
117,4427,0.99,******,,,,,,,,,,,,,,,,,
118,4452,1,******,,,,,,,,,,,,,,,,,
119,4356,0.98,******,,,,,,,,,,,,,,,,,
120,4473,1,******,,,,,,,,,,,,,,,,,
121,4302,0.97,******,,,,,,,,,,,,,,,,,
122,4220,0.95,******,,,,,,,,,,,,,,,,,
123,4326,0.97,******,,,,,,,,,,,,,,,,,
124,4209,0.95,******,,,,,,,,,,,,,,,,,
125,4192,0.94,******,,,,,,,,,,,,,,,,,
126,4241,0.95,******,,,,,,,,,,,,,,,,,
127,4074,0.91,*****,,,,,,,,,,,,,,,,,
128,4105,0.92,******,,,,,,,,,,,,,,,,,
129,4105,0.92,******,,,,,,,,,,,,,,,,,
130,3998,0.9,*****,,,,,,,,,,,,,,,,,
131,4000,0.9,*****,,,,,,,,,,,,,,,,,
132,3929,0.88,*****,,,,,,,,,,,,,,,,,
133,3874,0.87,*****,,,,,,,,,,,,,,,,,
ÇVíiäK,53433,11.997763,,,,,,,,,,,,,,,,,,
134,3857,0.87,*****,,,,,,,,,,,,,,,,,
135,3744,0.84,*****,,,,,,,,,,,,,,,,,
136,3759,0.84,*****,,,,,,,,,,,,,,,,,
137,3581,0.8,*****,,,,,,,,,,,,,,,,,
138,3543,0.8,*****,,,,,,,,,,,,,,,,,
139,3496,0.78,*****,,,,,,,,,,,,,,,,,
140,3492,0.78,*****,,,,,,,,,,,,,,,,,
141,3412,0.77,*****,,,,,,,,,,,,,,,,,
142,3404,0.76,*****,,,,,,,,,,,,,,,,,
143,3122,0.7,****,,,,,,,,,,,,,,,,,
144,3123,0.7,****,,,,,,,,,,,,,,,,,
145,3041,0.68,****,,,,,,,,,,,,,,,,,
146,3272,0.73,****,,,,,,,,,,,,,,,,,
147,2952,0.66,****,,,,,,,,,,,,,,,,,
148,2887,0.65,****,,,,,,,,,,,,,,,,,
149,2748,0.62,****,,,,,,,,,,,,,,,,,
ÇWíiäK,30498,6.847973,,,,,,,,,,,,,,,,,,
150,2758,0.62,****,,,,,,,,,,,,,,,,,
151,2630,0.59,****,,,,,,,,,,,,,,,,,
152,2588,0.58,***,,,,,,,,,,,,,,,,,
153,2521,0.57,***,,,,,,,,,,,,,,,,,
154,2352,0.53,***,,,,,,,,,,,,,,,,,
155,2251,0.51,***,,,,,,,,,,,,,,,,,
156,2176,0.49,***,,,,,,,,,,,,,,,,,
157,2117,0.48,***,,,,,,,,,,,,,,,,,
158,2089,0.47,***,,,,,,,,,,,,,,,,,
159,2085,0.47,***,,,,,,,,,,,,,,,,,
160,1898,0.43,***,,,,,,,,,,,,,,,,,
161,1801,0.4,**,,,,,,,,,,,,,,,,,
162,1623,0.36,**,,,,,,,,,,,,,,,,,
163,1609,0.36,**,,,,,,,,,,,,,,,,,
ÇXíiäK,18733,4.206278,,,,,,,,,,,,,,,,,,
164,1559,0.35,**,,,,,,,,,,,,,,,,,
165,1477,0.33,**,,,,,,,,,,,,,,,,,
166,1406,0.32,**,,,,,,,,,,,,,,,,,
167,1164,0.26,**,,,,,,,,,,,,,,,,,
168,1229,0.28,**,,,,,,,,,,,,,,,,,
169,1184,0.27,**,,,,,,,,,,,,,,,,,
170,1132,0.25,**,,,,,,,,,,,,,,,,,
171,1016,0.23,*,,,,,,,,,,,,,,,,,
172,897,0.2,*,,,,,,,,,,,,,,,,,
173,803,0.18,*,,,,,,,,,,,,,,,,,
174,725,0.16,*,,,,,,,,,,,,,,,,,
175,675,0.15,*,,,,,,,,,,,,,,,,,
176,661,0.15,*,,,,,,,,,,,,,,,,,
177,705,0.16,*,,,,,,,,,,,,,,,,,
178,488,0.11,*,,,,,,,,,,,,,,,,,
179,489,0.11,*,,,,,,,,,,,,,,,,,
180,386,0.09,*,,,,,,,,,,,,,,,,,
181,412,0.09,*,,,,,,,,,,,,,,,,,
182,386,0.09,*,,,,,,,,,,,,,,,,,
183,312,0.07,,,,,,,,,,,,,,,,,,
184,332,0.07,,,,,,,,,,,,,,,,,,
185,168,0.04,,,,,,,,,,,,,,,,,,
186,196,0.04,,,,,,,,,,,,,,,,,,
187,144,0.03,,,,,,,,,,,,,,,,,,
188,185,0.04,,,,,,,,,,,,,,,,,,
189,144,0.03,,,,,,,,,,,,,,,,,,
190,94,0.02,,,,,,,,,,,,,,,,,,
191,79,0.02,,,,,,,,,,,,,,,,,,
192,17,0,,,,,,,,,,,,,,,,,,
193,93,0.02,,,,,,,,,,,,,,,,,,
194,24,0.01,,,,,,,,,,,,,,,,,,
195,71,0.02,,,,,,,,,,,,,,,,,,
196,45,0.01,,,,,,,,,,,,,,,,,,
197,0,0,,,,,,,,,,,,,,,,,,
198,1,0,,,,,,,,,,,,,,,,,,
199,0,0,,,,,,,,,,,,,,,,,,
200,34,0.01,,,,,,,,,,,,,,,,,,
óﬂòaÇTîNìx ã≥â»ï ê¨ê—ï™ïzê}Åiñ{ééå±Åj,óﬂòa5îN2åé2ì˙,,,,,,,,,,,,,,,,,,,
ã≥â»ñº,ñûì_,ç≈çÇì_,ç≈í·ì_,ïΩãœì_,ïWèÄïŒç∑,éÛå±é“êî,ìæì_ó¶,ÇTï™ílÇeÇP,ÇTï™ílÇeÇQ,ÇTï™ílÇeÇR,ÇTï™ílÇeÇS,,,,,,,,,
ínóùóéj,100,100,0,59.53,16.99,359958,0.5953,44,55,64,74,,,,,,,,,
ì_êî,êlêî,î‰ó¶ÅiÅìÅj,,,,,,,,,,,,,,,,,,
0,54,0.02,,,,,,,,,,,,,,,,,,
1,0,0,,,,,,,,,,,,,,,,,,
2,0,0,,,,,,,,,,,,,,,,,,
3,12,0,,,,,,,,,,,,,,,,,,
4,1,0,,,,,,,,,,,,,,,,,,
5,2,0,,,,,,,,,,,,,,,,,,
6,38,0.01,,,,,,,,,,,,,,,,,,
7,9,0,,,,,,,,,,,,,,,,,,
8,9,0,,,,,,,,,,,,,,,,,,
9,88,0.02,,,,,,,,,,,,,,,,,,
10,37,0.01,,,,,,,,,,,,,,,,,,
11,34,0.01,,,,,,,,,,,,,,,,,,
12,211,0.06,,,,,,,,,,,,,,,,,,
13,101,0.03,,,,,,,,,,,,,,,,,,
14,98,0.03,,,,,,,,,,,,,,,,,,
15,411,0.11,*,,,,,,,,,,,,,,,,,
16,223,0.06,,,,,,,,,,,,,,,,,,
17,247,0.07,,,,,,,,,,,,,,,,,,
18,771,0.21,*,,,,,,,,,,,,,,,,,
19,402,0.11,*,,,,,,,,,,,,,,,,,
20,439,0.12,*,,,,,,,,,,,,,,,,,
21,1281,0.36,**,,,,,,,,,,,,,,,,,
22,705,0.2,*,,,,,,,,,,,,,,,,,
23,812,0.23,*,,,,,,,,,,,,,,,,,
24,1740,0.48,***,,,,,,,,,,,,,,,,,
25,1017,0.28,**,,,,,,,,,,,,,,,,,
26,1278,0.36,**,,,,,,,,,,,,,,,,,
27,2410,0.67,****,,,,,,,,,,,,,,,,,
28,1534,0.43,***,,,,,,,,,,,,,,,,,
29,1694,0.47,***,,,,,,,,,,,,,,,,,
30,3074,0.85,*****,,,,,,,,,,,,,,,,,
31,2053,0.57,***,,,,,,,,,,,,,,,,,
32,2394,0.67,****,,,,,,,,,,,,,,,,,
33,3601,1,******,,,,,,,,,,,,,,,,,
34,2758,0.77,*****,,,,,,,,,,,,,,,,,
35,2930,0.81,*****,,,,,,,,,,,,,,,,,
36,4119,1.14,*******,,,,,,,,,,,,,,,,,
37,3532,0.98,******,,,,,,,,,,,,,,,,,
38,3751,1.04,******,,,,,,,,,,,,,,,,,
39,4473,1.24,*******,,,,,,,,,,,,,,,,,
40,4262,1.18,*******,,,,,,,,,,,,,,,,,
41,4512,1.25,********,,,,,,,,,,,,,,,,,
42,4906,1.36,********,,,,,,,,,,,,,,,,,
43,5080,1.41,********,,,,,,,,,,,,,,,,,
44,5432,1.51,*********,,,,,,,,,,,,,,,,,
45,5050,1.4,********,,,,,,,,,,,,,,,,,
46,5537,1.54,*********,,,,,,,,,,,,,,,,,
47,6503,1.81,***********,,,,,,,,,,,,,,,,,
48,5459,1.52,*********,,,,,,,,,,,,,,,,,
49,6273,1.74,**********,,,,,,,,,,,,,,,,,
50,7332,2.04,************,,,,,,,,,,,,,,,,,
51,5863,1.63,**********,,,,,,,,,,,,,,,,,
52,6683,1.86,***********,,,,,,,,,,,,,,,,,
53,8163,2.27,**************,,,,,,,,,,,,,,,,,
54,6285,1.75,**********,,,,,,,,,,,,,,,,,
55,7078,1.97,************,,,,,,,,,,,,,,,,,
56,8467,2.35,**************,,,,,,,,,,,,,,,,,
57,6666,1.85,***********,,,,,,,,,,,,,,,,,
58,7579,2.11,*************,,,,,,,,,,,,,,,,,
59,8837,2.46,***************,,,,,,,,,,,,,,,,,
60,6710,1.86,***********,,,,,,,,,,,,,,,,,
61,8243,2.29,**************,,,,,,,,,,,,,,,,,
62,9119,2.53,***************,,,,,,,,,,,,,,,,,
63,6481,1.8,***********,,,,,,,,,,,,,,,,,
64,8176,2.27,**************,,,,,,,,,,,,,,,,,
65,9545,2.65,****************,,,,,,,,,,,,,,,,,
66,6132,1.7,**********,,,,,,,,,,,,,,,,,
67,7810,2.17,*************,,,,,,,,,,,,,,,,,
68,9671,2.69,****************,,,,,,,,,,,,,,,,,
69,5814,1.62,**********,,,,,,,,,,,,,,,,,
70,6845,1.9,***********,,,,,,,,,,,,,,,,,
71,9100,2.53,***************,,,,,,,,,,,,,,,,,
72,5749,1.6,**********,,,,,,,,,,,,,,,,,
73,5817,1.62,**********,,,,,,,,,,,,,,,,,
74,8065,2.24,*************,,,,,,,,,,,,,,,,,
75,5960,1.66,**********,,,,,,,,,,,,,,,,,
76,5004,1.39,********,,,,,,,,,,,,,,,,,
77,6122,1.7,**********,,,,,,,,,,,,,,,,,
78,5762,1.6,**********,,,,,,,,,,,,,,,,,
79,4456,1.24,*******,,,,,,,,,,,,,,,,,
80,4230,1.18,*******,,,,,,,,,,,,,,,,,
81,4991,1.39,********,,,,,,,,,,,,,,,,,
82,4587,1.27,********,,,,,,,,,,,,,,,,,
83,2555,0.71,****,,,,,,,,,,,,,,,,,
84,4000,1.11,*******,,,,,,,,,,,,,,,,,
85,4599,1.28,********,,,,,,,,,,,,,,,,,
86,1270,0.35,**,,,,,,,,,,,,,,,,,
87,2643,0.73,****,,,,,,,,,,,,,,,,,
88,4344,1.21,*******,,,,,,,,,,,,,,,,,
89,620,0.17,*,,,,,,,,,,,,,,,,,
90,1302,0.36,**,,,,,,,,,,,,,,,,,
91,3878,1.08,******,,,,,,,,,,,,,,,,,
92,275,0.08,,,,,,,,,,,,,,,,,,
93,433,0.12,*,,,,,,,,,,,,,,,,,
94,3117,0.87,*****,,,,,,,,,,,,,,,,,
95,99,0.03,,,,,,,,,,,,,,,,,,
96,24,0.01,,,,,,,,,,,,,,,,,,
97,1686,0.47,***,,,,,,,,,,,,,,,,,
98,22,0.01,,,,,,,,,,,,,,,,,,
99,0,0,,,,,,,,,,,,,,,,,,
100,392,0.11,*,,,,,,,,,,,,,,,,,
óﬂòaÇTîNìx â»ñ⁄ï ê¨ê—ï™ïzê}Åiñ{ééå±Åj,óﬂòa5îN2åé2ì˙,,,,,,,,,,,,,,,,,,,
â»ñ⁄ñº,ñûì_,ç≈çÇì_,ç≈í·ì_,ïΩãœì_,ïWèÄïŒç∑,éÛå±é“êî,ìæì_ó¶,ÇTï™ílÇeÇP,ÇTï™ílÇeÇQ,ÇTï™ílÇeÇR,ÇTï™ílÇeÇS,ÇPíiäK,ÇQíiäK,ÇRíiäK,ÇSíiäK,ÇTíiäK,ÇUíiäK,ÇVíiäK,ÇWíiäK,ÇXíiäK
ê¢äEéjÇ`,100,97,0,36.32,16.69,1271,0.3632,23,29,36,46,0Å`13,14Å`19,20Å`24,25Å`29,30Å`35,36Å`44,45Å`58,59Å`74,75Å`100
ì_êî,êlêî,î‰ó¶ÅiÅìÅj,,,,,,,,,,,,,,,,,,
ÇPíiäK,42,3.304484,,,,,,,,,,,,,,,,,,
0,4,0.31,**,,,,,,,,,,,,,,,,,
1,0,0,,,,,,,,,,,,,,,,,,
2,0,0,,,,,,,,,,,,,,,,,,
3,1,0.08,,,,,,,,,,,,,,,,,,
4,0,0,,,,,,,,,,,,,,,,,,
5,0,0,,,,,,,,,,,,,,,,,,
6,4,0.31,**,,,,,,,,,,,,,,,,,
7,4,0.31,**,,,,,,,,,,,,,,,,,
8,0,0,,,,,,,,,,,,,,,,,,
9,3,0.24,*,,,,,,,,,,,,,,,,,
10,5,0.39,**,,,,,,,,,,,,,,,,,
11,1,0.08,,,,,,,,,,,,,,,,,,
12,5,0.39,**,,,,,,,,,,,,,,,,,
13,15,1.18,*******,,,,,,,,,,,,,,,,,
ÇQíiäK,96,7.553107,,,,,,,,,,,,,,,,,,
14,10,0.79,*****,,,,,,,,,,,,,,,,,
15,8,0.63,****,,,,,,,,,,,,,,,,,
16,19,1.49,*********,,,,,,,,,,,,,,,,,
17,20,1.57,*********,,,,,,,,,,,,,,,,,
18,14,1.1,*******,,,,,,,,,,,,,,,,,
19,25,1.97,************,,,,,,,,,,,,,,,,,
ÇRíiäK,147,11.565696,,,,,,,,,,,,,,,,,,
20,28,2.2,*************,,,,,,,,,,,,,,,,,
21,34,2.68,****************,,,,,,,,,,,,,,,,,
22,29,2.28,**************,,,,,,,,,,,,,,,,,
23,37,2.91,*****************,,,,,,,,,,,,,,,,,
24,19,1.49,*********,,,,,,,,,,,,,,,,,
ÇSíiäK,209,16.443745,,,,,,,,,,,,,,,,,,
25,32,2.52,***************,,,,,,,,,,,,,,,,,
26,53,4.17,*************************,,,,,,,,,,,,,,,,,
27,44,3.46,*********************,,,,,,,,,,,,,,,,,
28,29,2.28,**************,,,,,,,,,,,,,,,,,
29,51,4.01,************************,,,,,,,,,,,,,,,,,
ÇTíiäK,237,18.646734,,,,,,,,,,,,,,,,,,
30,47,3.7,**********************,,,,,,,,,,,,,,,,,
31,40,3.15,*******************,,,,,,,,,,,,,,,,,
32,36,2.83,*****************,,,,,,,,,,,,,,,,,
33,47,3.7,**********************,,,,,,,,,,,,,,,,,
34,34,2.68,****************,,,,,,,,,,,,,,,,,
35,33,2.6,****************,,,,,,,,,,,,,,,,,
ÇUíiäK,245,19.27616,,,,,,,,,,,,,,,,,,
36,52,4.09,*************************,,,,,,,,,,,,,,,,,
37,29,2.28,**************,,,,,,,,,,,,,,,,,
38,25,1.97,************,,,,,,,,,,,,,,,,,
39,27,2.12,*************,,,,,,,,,,,,,,,,,
40,22,1.73,**********,,,,,,,,,,,,,,,,,
41,20,1.57,*********,,,,,,,,,,,,,,,,,
42,24,1.89,***********,,,,,,,,,,,,,,,,,
43,24,1.89,***********,,,,,,,,,,,,,,,,,
44,22,1.73,**********,,,,,,,,,,,,,,,,,
ÇVíiäK,153,12.037765,,,,,,,,,,,,,,,,,,
45,19,1.49,*********,,,,,,,,,,,,,,,,,
46,19,1.49,*********,,,,,,,,,,,,,,,,,
47,19,1.49,*********,,,,,,,,,,,,,,,,,
48,9,0.71,****,,,,,,,,,,,,,,,,,
49,12,0.94,******,,,,,,,,,,,,,,,,,
50,9,0.71,****,,,,,,,,,,,,,,,,,
51,8,0.63,****,,,,,,,,,,,,,,,,,
52,7,0.55,***,,,,,,,,,,,,,,,,,
53,12,0.94,******,,,,,,,,,,,,,,,,,
54,8,0.63,****,,,,,,,,,,,,,,,,,
55,8,0.63,****,,,,,,,,,,,,,,,,,
56,13,1.02,******,,,,,,,,,,,,,,,,,
57,7,0.55,***,,,,,,,,,,,,,,,,,
58,3,0.24,*,,,,,,,,,,,,,,,,,
ÇWíiäK,90,7.081038,,,,,,,,,,,,,,,,,,
59,9,0.71,****,,,,,,,,,,,,,,,,,
60,10,0.79,*****,,,,,,,,,,,,,,,,,
61,4,0.31,**,,,,,,,,,,,,,,,,,
62,5,0.39,**,,,,,,,,,,,,,,,,,
63,5,0.39,**,,,,,,,,,,,,,,,,,
64,4,0.31,**,,,,,,,,,,,,,,,,,
65,3,0.24,*,,,,,,,,,,,,,,,,,
66,8,0.63,****,,,,,,,,,,,,,,,,,
67,7,0.55,***,,,,,,,,,,,,,,,,,
68,5,0.39,**,,,,,,,,,,,,,,,,,
69,6,0.47,***,,,,,,,,,,,,,,,,,
70,7,0.55,***,,,,,,,,,,,,,,,,,
71,3,0.24,*,,,,,,,,,,,,,,,,,
72,3,0.24,*,,,,,,,,,,,,,,,,,
73,7,0.55,***,,,,,,,,,,,,,,,,,
74,4,0.31,**,,,,,,,,,,,,,,,,,
ÇXíiäK,52,4.091266,,,,,,,,,,,,,,,,,,
75,3,0.24,*,,,,,,,,,,,,,,,,,
76,8,0.63,****,,,,,,,,,,,,,,,,,
77,3,0.24,*,,,,,,,,,,,,,,,,,
78,1,0.08,,,,,,,,,,,,,,,,,,
79,1,0.08,,,,,,,,,,,,,,,,,,
80,4,0.31,**,,,,,,,,,,,,,,,,,
81,2,0.16,*,,,,,,,,,,,,,,,,,
82,2,0.16,*,,,,,,,,,,,,,,,,,
83,7,0.55,***,,,,,,,,,,,,,,,,,
84,3,0.24,*,,,,,,,,,,,,,,,,,
85,1,0.08,,,,,,,,,,,,,,,,,,
86,1,0.08,,,,,,,,,,,,,,,,,,
87,4,0.31,**,,,,,,,,,,,,,,,,,
88,0,0,,,,,,,,,,,,,,,,,,
89,2,0.16,*,,,,,,,,,,,,,,,,,
90,1,0.08,,,,,,,,,,,,,,,,,,
91,1,0.08,,,,,,,,,,,,,,,,,,
92,1,0.08,,,,,,,,,,,,,,,,,,
93,4,0.31,**,,,,,,,,,,,,,,,,,
94,0,0,,,,,,,,,,,,,,,,,,
95,0,0,,,,,,,,,,,,,,,,,,
96,1,0.08,,,,,,,,,,,,,,,,,,
97,2,0.16,*,,,,,,,,,,,,,,,,,
98,0,0,,,,,,,,,,,,,,,,,,
99,0,0,,,,,,,,,,,,,,,,,,
100,0,0,,,,,,,,,,,,,,,,,,
óﬂòaÇTîNìx â»ñ⁄ï ê¨ê—ï™ïzê}Åiñ{ééå±Åj,óﬂòa5îN2åé2ì˙,,,,,,,,,,,,,,,,,,,
â»ñ⁄ñº,ñûì_,ç≈çÇì_,ç≈í·ì_,ïΩãœì_,ïWèÄïŒç∑,éÛå±é“êî,ìæì_ó¶,ÇTï™ílÇeÇP,ÇTï™ílÇeÇQ,ÇTï™ílÇeÇR,ÇTï™ílÇeÇS,ÇPíiäK,ÇQíiäK,ÇRíiäK,ÇSíiäK,ÇTíiäK,ÇUíiäK,ÇVíiäK,ÇWíiäK,ÇXíiäK
ê¢äEéjÇa,100,100,0,58.43,20.3,78185,0.5843,38,51,64,78,0Å`23,24Å`31,32Å`40,41Å`51,52Å`64,65Å`75,76Å`84,85Å`90,91Å`100
ì_êî,êlêî,î‰ó¶ÅiÅìÅj,,,,,,,,,,,,,,,,,,
ÇPíiäK,2325,2.973716,,,,,,,,,,,,,,,,,,
0,17,0.02,,,,,,,,,,,,,,,,,,
1,0,0,,,,,,,,,,,,,,,,,,
2,0,0,,,,,,,,,,,,,,,,,,
3,3,0,,,,,,,,,,,,,,,,,,
4,0,0,,,,,,,,,,,,,,,,,,
5,2,0,,,,,,,,,,,,,,,,,,
6,12,0.02,,,,,,,,,,,,,,,,,,
7,0,0,,,,,,,,,,,,,,,,,,
8,5,0.01,,,,,,,,,,,,,,,,,,
9,46,0.06,,,,,,,,,,,,,,,,,,
10,3,0,,,,,,,,,,,,,,,,,,
11,15,0.02,,,,,,,,,,,,,,,,,,
12,88,0.11,*,,,,,,,,,,,,,,,,,
13,3,0,,,,,,,,,,,,,,,,,,
14,55,0.07,,,,,,,,,,,,,,,,,,
15,191,0.24,*,,,,,,,,,,,,,,,,,
16,6,0.01,,,,,,,,,,,,,,,,,,
17,136,0.17,*,,,,,,,,,,,,,,,,,
18,383,0.49,***,,,,,,,,,,,,,,,,,
19,13,0.02,,,,,,,,,,,,,,,,,,
20,224,0.29,**,,,,,,,,,,,,,,,,,
21,661,0.85,*****,,,,,,,,,,,,,,,,,
22,40,0.05,,,,,,,,,,,,,,,,,,
23,422,0.54,***,,,,,,,,,,,,,,,,,
ÇQíiäK,5296,6.773677,,,,,,,,,,,,,,,,,,
24,860,1.1,*******,,,,,,,,,,,,,,,,,
25,89,0.11,*,,,,,,,,,,,,,,,,,
26,637,0.81,*****,,,,,,,,,,,,,,,,,
27,1168,1.49,*********,,,,,,,,,,,,,,,,,
28,102,0.13,*,,,,,,,,,,,,,,,,,
29,806,1.03,******,,,,,,,,,,,,,,,,,
30,1475,1.89,***********,,,,,,,,,,,,,,,,,
31,159,0.2,*,,,,,,,,,,,,,,,,,
ÇRíiäK,9537,12.197991,,,,,,,,,,,,,,,,,,
32,1122,1.44,*********,,,,,,,,,,,,,,,,,
33,1541,1.97,************,,,,,,,,,,,,,,,,,
34,198,0.25,**,,,,,,,,,,,,,,,,,
35,1273,1.63,**********,,,,,,,,,,,,,,,,,
36,1688,2.16,*************,,,,,,,,,,,,,,,,,
37,282,0.36,**,,,,,,,,,,,,,,,,,
38,1485,1.9,***********,,,,,,,,,,,,,,,,,
39,1671,2.14,*************,,,,,,,,,,,,,,,,,
40,277,0.35,**,,,,,,,,,,,,,,,,,
ÇSíiäK,14023,17.935665,,,,,,,,,,,,,,,,,,
41,1578,2.02,************,,,,,,,,,,,,,,,,,
42,1688,2.16,*************,,,,,,,,,,,,,,,,,
43,338,0.43,***,,,,,,,,,,,,,,,,,
44,1709,2.19,*************,,,,,,,,,,,,,,,,,
45,1436,1.84,***********,,,,,,,,,,,,,,,,,
46,402,0.51,***,,,,,,,,,,,,,,,,,
47,1949,2.49,***************,,,,,,,,,,,,,,,,,
48,1319,1.69,**********,,,,,,,,,,,,,,,,,
49,497,0.64,****,,,,,,,,,,,,,,,,,
50,1861,2.38,**************,,,,,,,,,,,,,,,,,
51,1246,1.59,**********,,,,,,,,,,,,,,,,,
ÇTíiäK,15021,19.212125,,,,,,,,,,,,,,,,,,
52,589,0.75,*****,,,,,,,,,,,,,,,,,
53,2002,2.56,***************,,,,,,,,,,,,,,,,,
54,963,1.23,*******,,,,,,,,,,,,,,,,,
55,725,0.93,******,,,,,,,,,,,,,,,,,
56,1922,2.46,***************,,,,,,,,,,,,,,,,,
57,830,1.06,******,,,,,,,,,,,,,,,,,
58,799,1.02,******,,,,,,,,,,,,,,,,,
59,1932,2.47,***************,,,,,,,,,,,,,,,,,
60,696,0.89,*****,,,,,,,,,,,,,,,,,
61,997,1.28,********,,,,,,,,,,,,,,,,,
62,1931,2.47,***************,,,,,,,,,,,,,,,,,
63,525,0.67,****,,,,,,,,,,,,,,,,,
64,1110,1.42,*********,,,,,,,,,,,,,,,,,
ÇUíiäK,12722,16.271663,,,,,,,,,,,,,,,,,,
65,1917,2.45,***************,,,,,,,,,,,,,,,,,
66,447,0.57,***,,,,,,,,,,,,,,,,,
67,1356,1.73,**********,,,,,,,,,,,,,,,,,
68,1807,2.31,**************,,,,,,,,,,,,,,,,,
69,317,0.41,**,,,,,,,,,,,,,,,,,
70,1663,2.13,*************,,,,,,,,,,,,,,,,,
71,1628,2.08,************,,,,,,,,,,,,,,,,,
72,220,0.28,**,,,,,,,,,,,,,,,,,
73,1659,2.12,*************,,,,,,,,,,,,,,,,,
74,1555,1.99,************,,,,,,,,,,,,,,,,,
75,153,0.2,*,,,,,,,,,,,,,,,,,
ÇVíiäK,9223,11.79638,,,,,,,,,,,,,,,,,,
76,1856,2.37,**************,,,,,,,,,,,,,,,,,
77,1306,1.67,**********,,,,,,,,,,,,,,,,,
78,98,0.13,*,,,,,,,,,,,,,,,,,
79,1862,2.38,**************,,,,,,,,,,,,,,,,,
80,1073,1.37,********,,,,,,,,,,,,,,,,,
81,61,0.08,,,,,,,,,,,,,,,,,,
82,2059,2.63,****************,,,,,,,,,,,,,,,,,
83,869,1.11,*******,,,,,,,,,,,,,,,,,
84,39,0.05,,,,,,,,,,,,,,,,,,
ÇWíiäK,5148,6.584383,,,,,,,,,,,,,,,,,,
85,2042,2.61,****************,,,,,,,,,,,,,,,,,
86,647,0.83,*****,,,,,,,,,,,,,,,,,
87,18,0.02,,,,,,,,,,,,,,,,,,
88,1973,2.52,***************,,,,,,,,,,,,,,,,,
89,462,0.59,****,,,,,,,,,,,,,,,,,
90,6,0.01,,,,,,,,,,,,,,,,,,
ÇXíiäK,4890,6.254396,,,,,,,,,,,,,,,,,,
91,1779,2.28,**************,,,,,,,,,,,,,,,,,
92,256,0.33,**,,,,,,,,,,,,,,,,,
93,1,0,,,,,,,,,,,,,,,,,,
94,1496,1.91,***********,,,,,,,,,,,,,,,,,
95,99,0.13,*,,,,,,,,,,,,,,,,,
96,0,0,,,,,,,,,,,,,,,,,,
97,911,1.17,*******,,,,,,,,,,,,,,,,,
98,22,0.03,,,,,,,,,,,,,,,,,,
99,0,0,,,,,,,,,,,,,,,,,,
100,326,0.42,***,,,,,,,,,,,,,,,,,
óﬂòaÇTîNìx â»ñ⁄ï ê¨ê—ï™ïzê}Åiñ{ééå±Åj,óﬂòa5îN2åé2ì˙,,,,,,,,,,,,,,,,,,,
â»ñ⁄ñº,ñûì_,ç≈çÇì_,ç≈í·ì_,ïΩãœì_,ïWèÄïŒç∑,éÛå±é“êî,ìæì_ó¶,ÇTï™ílÇeÇP,ÇTï™ílÇeÇQ,ÇTï™ílÇeÇR,ÇTï™ílÇeÇS,ÇPíiäK,ÇQíiäK,ÇRíiäK,ÇSíiäK,ÇTíiäK,ÇUíiäK,ÇVíiäK,ÇWíiäK,ÇXíiäK
ì˙ñ{éjÇ`,100,94,3,45.38,15.99,2411,0.4538,31,40,48,58,0Å`19,20Å`25,26Å`32,33Å`39,40Å`47,48Å`56,57Å`65,66Å`74,75Å`100
ì_êî,êlêî,î‰ó¶ÅiÅìÅj,,,,,,,,,,,,,,,,,,
ÇPíiäK,91,3.774367,,,,,,,,,,,,,,,,,,
0,0,0,,,,,,,,,,,,,,,,,,
1,0,0,,,,,,,,,,,,,,,,,,
2,0,0,,,,,,,,,,,,,,,,,,
3,1,0.04,,,,,,,,,,,,,,,,,,
4,0,0,,,,,,,,,,,,,,,,,,
5,0,0,,,,,,,,,,,,,,,,,,
6,2,0.08,,,,,,,,,,,,,,,,,,
7,0,0,,,,,,,,,,,,,,,,,,
8,0,0,,,,,,,,,,,,,,,,,,
9,2,0.08,,,,,,,,,,,,,,,,,,
10,1,0.04,,,,,,,,,,,,,,,,,,
11,0,0,,,,,,,,,,,,,,,,,,
12,6,0.25,*,,,,,,,,,,,,,,,,,
13,10,0.41,**,,,,,,,,,,,,,,,,,
14,0,0,,,,,,,,,,,,,,,,,,
15,18,0.75,****,,,,,,,,,,,,,,,,,
16,9,0.37,**,,,,,,,,,,,,,,,,,
17,4,0.17,*,,,,,,,,,,,,,,,,,
18,17,0.71,****,,,,,,,,,,,,,,,,,
19,21,0.87,*****,,,,,,,,,,,,,,,,,
ÇQíiäK,155,6.428867,,,,,,,,,,,,,,,,,,
20,8,0.33,**,,,,,,,,,,,,,,,,,
21,19,0.79,*****,,,,,,,,,,,,,,,,,
22,37,1.53,*********,,,,,,,,,,,,,,,,,
23,17,0.71,****,,,,,,,,,,,,,,,,,
24,29,1.2,*******,,,,,,,,,,,,,,,,,
25,45,1.87,***********,,,,,,,,,,,,,,,,,
ÇRíiäK,291,12.06968,,,,,,,,,,,,,,,,,,
26,31,1.29,********,,,,,,,,,,,,,,,,,
27,28,1.16,*******,,,,,,,,,,,,,,,,,
28,70,2.9,*****************,,,,,,,,,,,,,,,,,
29,33,1.37,********,,,,,,,,,,,,,,,,,
30,28,1.16,*******,,,,,,,,,,,,,,,,,
31,58,2.41,**************,,,,,,,,,,,,,,,,,
32,43,1.78,***********,,,,,,,,,,,,,,,,,
ÇSíiäK,384,15.927001,,,,,,,,,,,,,,,,,,
33,41,1.7,**********,,,,,,,,,,,,,,,,,
34,78,3.24,*******************,,,,,,,,,,,,,,,,,
35,55,2.28,**************,,,,,,,,,,,,,,,,,
36,30,1.24,*******,,,,,,,,,,,,,,,,,
37,66,2.74,****************,,,,,,,,,,,,,,,,,
38,66,2.74,****************,,,,,,,,,,,,,,,,,
39,48,1.99,************,,,,,,,,,,,,,,,,,
ÇTíiäK,486,20.15761,,,,,,,,,,,,,,,,,,
40,81,3.36,********************,,,,,,,,,,,,,,,,,
41,67,2.78,*****************,,,,,,,,,,,,,,,,,
42,45,1.87,***********,,,,,,,,,,,,,,,,,
43,62,2.57,***************,,,,,,,,,,,,,,,,,
44,63,2.61,****************,,,,,,,,,,,,,,,,,
45,42,1.74,**********,,,,,,,,,,,,,,,,,
46,51,2.12,*************,,,,,,,,,,,,,,,,,
47,75,3.11,*******************,,,,,,,,,,,,,,,,,
ÇUíiäK,426,17.669017,,,,,,,,,,,,,,,,,,
48,43,1.78,***********,,,,,,,,,,,,,,,,,
49,50,2.07,************,,,,,,,,,,,,,,,,,
50,56,2.32,**************,,,,,,,,,,,,,,,,,
51,44,1.82,***********,,,,,,,,,,,,,,,,,
52,45,1.87,***********,,,,,,,,,,,,,,,,,
53,60,2.49,***************,,,,,,,,,,,,,,,,,
54,26,1.08,******,,,,,,,,,,,,,,,,,
55,42,1.74,**********,,,,,,,,,,,,,,,,,
56,60,2.49,***************,,,,,,,,,,,,,,,,,
ÇVíiäK,297,12.31854,,,,,,,,,,,,,,,,,,
57,38,1.58,*********,,,,,,,,,,,,,,,,,
58,33,1.37,********,,,,,,,,,,,,,,,,,
59,54,2.24,*************,,,,,,,,,,,,,,,,,
60,27,1.12,*******,,,,,,,,,,,,,,,,,
61,35,1.45,*********,,,,,,,,,,,,,,,,,
62,33,1.37,********,,,,,,,,,,,,,,,,,
63,21,0.87,*****,,,,,,,,,,,,,,,,,
64,23,0.95,******,,,,,,,,,,,,,,,,,
65,33,1.37,********,,,,,,,,,,,,,,,,,
ÇWíiäK,170,7.051016,,,,,,,,,,,,,,,,,,
66,29,1.2,*******,,,,,,,,,,,,,,,,,
67,22,0.91,*****,,,,,,,,,,,,,,,,,
68,25,1.04,******,,,,,,,,,,,,,,,,,
69,26,1.08,******,,,,,,,,,,,,,,,,,
70,16,0.66,****,,,,,,,,,,,,,,,,,
71,18,0.75,****,,,,,,,,,,,,,,,,,
72,21,0.87,*****,,,,,,,,,,,,,,,,,
73,3,0.12,*,,,,,,,,,,,,,,,,,
74,10,0.41,**,,,,,,,,,,,,,,,,,
ÇXíiäK,111,4.603898,,,,,,,,,,,,,,,,,,
75,17,0.71,****,,,,,,,,,,,,,,,,,
76,7,0.29,**,,,,,,,,,,,,,,,,,
77,11,0.46,***,,,,,,,,,,,,,,,,,
78,12,0.5,***,,,,,,,,,,,,,,,,,
79,3,0.12,*,,,,,,,,,,,,,,,,,
80,5,0.21,*,,,,,,,,,,,,,,,,,
81,11,0.46,***,,,,,,,,,,,,,,,,,
82,4,0.17,*,,,,,,,,,,,,,,,,,
83,1,0.04,,,,,,,,,,,,,,,,,,
84,7,0.29,**,,,,,,,,,,,,,,,,,
85,4,0.17,*,,,,,,,,,,,,,,,,,
86,0,0,,,,,,,,,,,,,,,,,,
87,3,0.12,*,,,,,,,,,,,,,,,,,
88,5,0.21,*,,,,,,,,,,,,,,,,,
89,0,0,,,,,,,,,,,,,,,,,,
90,7,0.29,**,,,,,,,,,,,,,,,,,
91,5,0.21,*,,,,,,,,,,,,,,,,,
92,0,0,,,,,,,,,,,,,,,,,,
93,1,0.04,,,,,,,,,,,,,,,,,,
94,8,0.33,**,,,,,,,,,,,,,,,,,
95,0,0,,,,,,,,,,,,,,,,,,
96,0,0,,,,,,,,,,,,,,,,,,
97,0,0,,,,,,,,,,,,,,,,,,
98,0,0,,,,,,,,,,,,,,,,,,
99,0,0,,,,,,,,,,,,,,,,,,
100,0,0,,,,,,,,,,,,,,,,,,
óﬂòaÇTîNìx â»ñ⁄ï ê¨ê—ï™ïzê}Åiñ{ééå±Åj,óﬂòa5îN2åé2ì˙,,,,,,,,,,,,,,,,,,,
â»ñ⁄ñº,ñûì_,ç≈çÇì_,ç≈í·ì_,ïΩãœì_,ïWèÄïŒç∑,éÛå±é“êî,ìæì_ó¶,ÇTï™ílÇeÇP,ÇTï™ílÇeÇQ,ÇTï™ílÇeÇR,ÇTï™ílÇeÇS,ÇPíiäK,ÇQíiäK,ÇRíiäK,ÇSíiäK,ÇTíiäK,ÇUíiäK,ÇVíiäK,ÇWíiäK,ÇXíiäK
ì˙ñ{éjÇa,100,100,0,59.75,17.14,137017,0.5975,44,55,64,75,0Å`29,30Å`36,37Å`45,46Å`54,55Å`64,65Å`73,74Å`80,81Å`87,88Å`100
ì_êî,êlêî,î‰ó¶ÅiÅìÅj,,,,,,,,,,,,,,,,,,
ÇPíiäK,5294,3.863754,,,,,,,,,,,,,,,,,,
0,16,0.01,,,,,,,,,,,,,,,,,,
1,0,0,,,,,,,,,,,,,,,,,,
2,0,0,,,,,,,,,,,,,,,,,,
3,3,0,,,,,,,,,,,,,,,,,,
4,0,0,,,,,,,,,,,,,,,,,,
5,0,0,,,,,,,,,,,,,,,,,,
6,14,0.01,,,,,,,,,,,,,,,,,,
7,2,0,,,,,,,,,,,,,,,,,,
8,0,0,,,,,,,,,,,,,,,,,,
9,31,0.02,,,,,,,,,,,,,,,,,,
10,13,0.01,,,,,,,,,,,,,,,,,,
11,2,0,,,,,,,,,,,,,,,,,,
12,86,0.06,,,,,,,,,,,,,,,,,,
13,39,0.03,,,,,,,,,,,,,,,,,,
14,4,0,,,,,,,,,,,,,,,,,,
15,135,0.1,*,,,,,,,,,,,,,,,,,
16,102,0.07,,,,,,,,,,,,,,,,,,
17,26,0.02,,,,,,,,,,,,,,,,,,
18,280,0.2,*,,,,,,,,,,,,,,,,,
19,210,0.15,*,,,,,,,,,,,,,,,,,
20,41,0.03,,,,,,,,,,,,,,,,,,
21,420,0.31,**,,,,,,,,,,,,,,,,,
22,386,0.28,**,,,,,,,,,,,,,,,,,
23,98,0.07,,,,,,,,,,,,,,,,,,
24,608,0.44,***,,,,,,,,,,,,,,,,,
25,597,0.44,***,,,,,,,,,,,,,,,,,
26,196,0.14,*,,,,,,,,,,,,,,,,,
27,783,0.57,***,,,,,,,,,,,,,,,,,
28,924,0.67,****,,,,,,,,,,,,,,,,,
29,278,0.2,*,,,,,,,,,,,,,,,,,
ÇQíiäK,7665,5.594196,,,,,,,,,,,,,,,,,,
30,994,0.73,****,,,,,,,,,,,,,,,,,
31,1216,0.89,*****,,,,,,,,,,,,,,,,,
32,521,0.38,**,,,,,,,,,,,,,,,,,
33,1186,0.87,*****,,,,,,,,,,,,,,,,,
34,1662,1.21,*******,,,,,,,,,,,,,,,,,
35,744,0.54,***,,,,,,,,,,,,,,,,,
36,1342,0.98,******,,,,,,,,,,,,,,,,,
ÇRíiäK,16482,12.029164,,,,,,,,,,,,,,,,,,
37,2124,1.55,*********,,,,,,,,,,,,,,,,,
38,1047,0.76,*****,,,,,,,,,,,,,,,,,
39,1486,1.08,*******,,,,,,,,,,,,,,,,,
40,2521,1.84,***********,,,,,,,,,,,,,,,,,
41,1381,1.01,******,,,,,,,,,,,,,,,,,
42,1652,1.21,*******,,,,,,,,,,,,,,,,,
43,2864,2.09,*************,,,,,,,,,,,,,,,,,
44,1770,1.29,********,,,,,,,,,,,,,,,,,
45,1637,1.19,*******,,,,,,,,,,,,,,,,,
ÇSíiäK,22904,16.716173,,,,,,,,,,,,,,,,,,
46,3091,2.26,**************,,,,,,,,,,,,,,,,,
47,2170,1.58,**********,,,,,,,,,,,,,,,,,
48,1804,1.32,********,,,,,,,,,,,,,,,,,
49,3268,2.39,**************,,,,,,,,,,,,,,,,,
50,2650,1.93,************,,,,,,,,,,,,,,,,,
51,1775,1.3,********,,,,,,,,,,,,,,,,,
52,3308,2.41,**************,,,,,,,,,,,,,,,,,
53,3006,2.19,*************,,,,,,,,,,,,,,,,,
54,1832,1.34,********,,,,,,,,,,,,,,,,,
ÇTíiäK,28450,20.763846,,,,,,,,,,,,,,,,,,
55,3246,2.37,**************,,,,,,,,,,,,,,,,,
56,3278,2.39,**************,,,,,,,,,,,,,,,,,
57,1878,1.37,********,,,,,,,,,,,,,,,,,
58,3084,2.25,**************,,,,,,,,,,,,,,,,,
59,3635,2.65,****************,,,,,,,,,,,,,,,,,
60,2040,1.49,*********,,,,,,,,,,,,,,,,,
61,2831,2.07,************,,,,,,,,,,,,,,,,,
62,3686,2.69,****************,,,,,,,,,,,,,,,,,
63,2226,1.62,**********,,,,,,,,,,,,,,,,,
64,2546,1.86,***********,,,,,,,,,,,,,,,,,
ÇUíiäK,23744,17.329236,,,,,,,,,,,,,,,,,,
65,3747,2.73,****************,,,,,,,,,,,,,,,,,
66,2380,1.74,**********,,,,,,,,,,,,,,,,,
67,2116,1.54,*********,,,,,,,,,,,,,,,,,
68,3582,2.61,****************,,,,,,,,,,,,,,,,,
69,2628,1.92,************,,,,,,,,,,,,,,,,,
70,1709,1.25,*******,,,,,,,,,,,,,,,,,
71,3230,2.36,**************,,,,,,,,,,,,,,,,,
72,2815,2.05,************,,,,,,,,,,,,,,,,,
73,1537,1.12,*******,,,,,,,,,,,,,,,,,
ÇVíiäK,14854,10.84099,,,,,,,,,,,,,,,,,,
74,2720,1.99,************,,,,,,,,,,,,,,,,,
75,2882,2.1,*************,,,,,,,,,,,,,,,,,
76,1354,0.99,******,,,,,,,,,,,,,,,,,
77,2077,1.52,*********,,,,,,,,,,,,,,,,,
78,2927,2.14,*************,,,,,,,,,,,,,,,,,
79,1342,0.98,******,,,,,,,,,,,,,,,,,
80,1552,1.13,*******,,,,,,,,,,,,,,,,,
ÇWíiäK,10985,8.017253,,,,,,,,,,,,,,,,,,
81,2646,1.93,************,,,,,,,,,,,,,,,,,
82,1435,1.05,******,,,,,,,,,,,,,,,,,
83,879,0.64,****,,,,,,,,,,,,,,,,,
84,2328,1.7,**********,,,,,,,,,,,,,,,,,
85,1606,1.17,*******,,,,,,,,,,,,,,,,,
86,340,0.25,*,,,,,,,,,,,,,,,,,
87,1751,1.28,********,,,,,,,,,,,,,,,,,
ÇXíiäK,6639,4.845384,,,,,,,,,,,,,,,,,,
88,1622,1.18,*******,,,,,,,,,,,,,,,,,
89,88,0.06,,,,,,,,,,,,,,,,,,
90,932,0.68,****,,,,,,,,,,,,,,,,,
91,1594,1.16,*******,,,,,,,,,,,,,,,,,
92,6,0,,,,,,,,,,,,,,,,,,
93,335,0.24,*,,,,,,,,,,,,,,,,,
94,1334,0.97,******,,,,,,,,,,,,,,,,,
95,0,0,,,,,,,,,,,,,,,,,,
96,9,0.01,,,,,,,,,,,,,,,,,,
97,686,0.5,***,,,,,,,,,,,,,,,,,
98,0,0,,,,,,,,,,,,,,,,,,
99,0,0,,,,,,,,,,,,,,,,,,
100,33,0.02,,,,,,,,,,,,,,,,,,
óﬂòaÇTîNìx â»ñ⁄ï ê¨ê—ï™ïzê}Åiñ{ééå±Åj,óﬂòa5îN2åé2ì˙,,,,,,,,,,,,,,,,,,,
â»ñ⁄ñº,ñûì_,ç≈çÇì_,ç≈í·ì_,ïΩãœì_,ïWèÄïŒç∑,éÛå±é“êî,ìæì_ó¶,ÇTï™ílÇeÇP,ÇTï™ílÇeÇQ,ÇTï™ílÇeÇR,ÇTï™ílÇeÇS,ÇPíiäK,ÇQíiäK,ÇRíiäK,ÇSíiäK,ÇTíiäK,ÇUíiäK,ÇVíiäK,ÇWíiäK,ÇXíiäK
ínóùÇ`,100,100,0,55.19,16.73,2062,0.5519,40,51,59,70,0Å`23,24Å`33,34Å`42,43Å`50,51Å`59,60Å`67,68Å`75,76Å`83,84Å`100
ì_êî,êlêî,î‰ó¶ÅiÅìÅj,,,,,,,,,,,,,,,,,,
ÇPíiäK,75,3.637245,,,,,,,,,,,,,,,,,,
0,1,0.05,,,,,,,,,,,,,,,,,,
1,0,0,,,,,,,,,,,,,,,,,,
2,0,0,,,,,,,,,,,,,,,,,,
3,0,0,,,,,,,,,,,,,,,,,,
4,0,0,,,,,,,,,,,,,,,,,,
5,0,0,,,,,,,,,,,,,,,,,,
6,0,0,,,,,,,,,,,,,,,,,,
7,0,0,,,,,,,,,,,,,,,,,,
8,0,0,,,,,,,,,,,,,,,,,,
9,0,0,,,,,,,,,,,,,,,,,,
10,0,0,,,,,,,,,,,,,,,,,,
11,2,0.1,*,,,,,,,,,,,,,,,,,
12,2,0.1,*,,,,,,,,,,,,,,,,,
13,0,0,,,,,,,,,,,,,,,,,,
14,1,0.05,,,,,,,,,,,,,,,,,,
15,1,0.05,,,,,,,,,,,,,,,,,,
16,7,0.34,**,,,,,,,,,,,,,,,,,
17,6,0.29,**,,,,,,,,,,,,,,,,,
18,2,0.1,*,,,,,,,,,,,,,,,,,
19,11,0.53,***,,,,,,,,,,,,,,,,,
20,12,0.58,***,,,,,,,,,,,,,,,,,
21,5,0.24,*,,,,,,,,,,,,,,,,,
22,11,0.53,***,,,,,,,,,,,,,,,,,
23,14,0.68,****,,,,,,,,,,,,,,,,,
ÇQíiäK,138,6.692531,,,,,,,,,,,,,,,,,,
24,9,0.44,***,,,,,,,,,,,,,,,,,
25,12,0.58,***,,,,,,,,,,,,,,,,,
26,16,0.78,*****,,,,,,,,,,,,,,,,,
27,13,0.63,****,,,,,,,,,,,,,,,,,
28,10,0.48,***,,,,,,,,,,,,,,,,,
29,9,0.44,***,,,,,,,,,,,,,,,,,
30,19,0.92,******,,,,,,,,,,,,,,,,,
31,16,0.78,*****,,,,,,,,,,,,,,,,,
32,14,0.68,****,,,,,,,,,,,,,,,,,
33,20,0.97,******,,,,,,,,,,,,,,,,,
ÇRíiäK,251,12.172647,,,,,,,,,,,,,,,,,,
34,33,1.6,**********,,,,,,,,,,,,,,,,,
35,21,1.02,******,,,,,,,,,,,,,,,,,
36,30,1.45,*********,,,,,,,,,,,,,,,,,
37,27,1.31,********,,,,,,,,,,,,,,,,,
38,19,0.92,******,,,,,,,,,,,,,,,,,
39,32,1.55,*********,,,,,,,,,,,,,,,,,
40,31,1.5,*********,,,,,,,,,,,,,,,,,
41,28,1.36,********,,,,,,,,,,,,,,,,,
42,30,1.45,*********,,,,,,,,,,,,,,,,,
ÇSíiäK,335,16.246362,,,,,,,,,,,,,,,,,,
43,46,2.23,*************,,,,,,,,,,,,,,,,,
44,45,2.18,*************,,,,,,,,,,,,,,,,,
45,34,1.65,**********,,,,,,,,,,,,,,,,,
46,36,1.75,**********,,,,,,,,,,,,,,,,,
47,41,1.99,************,,,,,,,,,,,,,,,,,
48,50,2.42,***************,,,,,,,,,,,,,,,,,
49,43,2.09,*************,,,,,,,,,,,,,,,,,
50,40,1.94,************,,,,,,,,,,,,,,,,,
ÇTíiäK,411,19.932104,,,,,,,,,,,,,,,,,,
51,35,1.7,**********,,,,,,,,,,,,,,,,,
52,42,2.04,************,,,,,,,,,,,,,,,,,
53,51,2.47,***************,,,,,,,,,,,,,,,,,
54,50,2.42,***************,,,,,,,,,,,,,,,,,
55,41,1.99,************,,,,,,,,,,,,,,,,,
56,46,2.23,*************,,,,,,,,,,,,,,,,,
57,62,3.01,******************,,,,,,,,,,,,,,,,,
58,38,1.84,***********,,,,,,,,,,,,,,,,,
59,46,2.23,*************,,,,,,,,,,,,,,,,,
ÇUíiäK,358,17.361784,,,,,,,,,,,,,,,,,,
60,58,2.81,*****************,,,,,,,,,,,,,,,,,
61,44,2.13,*************,,,,,,,,,,,,,,,,,
62,47,2.28,**************,,,,,,,,,,,,,,,,,
63,57,2.76,*****************,,,,,,,,,,,,,,,,,
64,33,1.6,**********,,,,,,,,,,,,,,,,,
65,36,1.75,**********,,,,,,,,,,,,,,,,,
66,35,1.7,**********,,,,,,,,,,,,,,,,,
67,48,2.33,**************,,,,,,,,,,,,,,,,,
ÇVíiäK,252,12.221144,,,,,,,,,,,,,,,,,,
68,33,1.6,**********,,,,,,,,,,,,,,,,,
69,27,1.31,********,,,,,,,,,,,,,,,,,
70,41,1.99,************,,,,,,,,,,,,,,,,,
71,31,1.5,*********,,,,,,,,,,,,,,,,,
72,25,1.21,*******,,,,,,,,,,,,,,,,,
73,30,1.45,*********,,,,,,,,,,,,,,,,,
74,37,1.79,***********,,,,,,,,,,,,,,,,,
75,28,1.36,********,,,,,,,,,,,,,,,,,
ÇWíiäK,150,7.27449,,,,,,,,,,,,,,,,,,
76,24,1.16,*******,,,,,,,,,,,,,,,,,
77,32,1.55,*********,,,,,,,,,,,,,,,,,
78,17,0.82,*****,,,,,,,,,,,,,,,,,
79,13,0.63,****,,,,,,,,,,,,,,,,,
80,31,1.5,*********,,,,,,,,,,,,,,,,,
81,13,0.63,****,,,,,,,,,,,,,,,,,
82,6,0.29,**,,,,,,,,,,,,,,,,,
83,14,0.68,****,,,,,,,,,,,,,,,,,
ÇXíiäK,92,4.461687,,,,,,,,,,,,,,,,,,
84,24,1.16,*******,,,,,,,,,,,,,,,,,
85,9,0.44,***,,,,,,,,,,,,,,,,,
86,5,0.24,*,,,,,,,,,,,,,,,,,
87,15,0.73,****,,,,,,,,,,,,,,,,,
88,7,0.34,**,,,,,,,,,,,,,,,,,
89,3,0.15,*,,,,,,,,,,,,,,,,,
90,9,0.44,***,,,,,,,,,,,,,,,,,
91,5,0.24,*,,,,,,,,,,,,,,,,,
92,1,0.05,,,,,,,,,,,,,,,,,,
93,4,0.19,*,,,,,,,,,,,,,,,,,
94,5,0.24,*,,,,,,,,,,,,,,,,,
95,0,0,,,,,,,,,,,,,,,,,,
96,0,0,,,,,,,,,,,,,,,,,,
97,3,0.15,*,,,,,,,,,,,,,,,,,
98,0,0,,,,,,,,,,,,,,,,,,
99,0,0,,,,,,,,,,,,,,,,,,
100,2,0.1,*,,,,,,,,,,,,,,,,,
óﬂòaÇTîNìx â»ñ⁄ï ê¨ê—ï™ïzê}Åiñ{ééå±Åj,óﬂòa5îN2åé2ì˙,,,,,,,,,,,,,,,,,,,
â»ñ⁄ñº,ñûì_,ç≈çÇì_,ç≈í·ì_,ïΩãœì_,ïWèÄïŒç∑,éÛå±é“êî,ìæì_ó¶,ÇTï™ílÇeÇP,ÇTï™ílÇeÇQ,ÇTï™ílÇeÇR,ÇTï™ílÇeÇS,ÇPíiäK,ÇQíiäK,ÇRíiäK,ÇSíiäK,ÇTíiäK,ÇUíiäK,ÇVíiäK,ÇWíiäK,ÇXíiäK
ínóùÇa,100,100,0,60.46,14.32,139012,0.6046,48,57,65,72,0Å`32,33Å`41,42Å`49,50Å`57,58Å`64,65Å`70,71Å`77,78Å`83,84Å`100
ì_êî,êlêî,î‰ó¶ÅiÅìÅj,,,,,,,,,,,,,,,,,,
ÇPíiäK,5064,3.64285,,,,,,,,,,,,,,,,,,
0,16,0.01,,,,,,,,,,,,,,,,,,
1,0,0,,,,,,,,,,,,,,,,,,
2,0,0,,,,,,,,,,,,,,,,,,
3,4,0,,,,,,,,,,,,,,,,,,
4,1,0,,,,,,,,,,,,,,,,,,
5,0,0,,,,,,,,,,,,,,,,,,
6,6,0,,,,,,,,,,,,,,,,,,
7,3,0,,,,,,,,,,,,,,,,,,
8,4,0,,,,,,,,,,,,,,,,,,
9,6,0,,,,,,,,,,,,,,,,,,
10,15,0.01,,,,,,,,,,,,,,,,,,
11,14,0.01,,,,,,,,,,,,,,,,,,
12,24,0.02,,,,,,,,,,,,,,,,,,
13,34,0.02,,,,,,,,,,,,,,,,,,
14,28,0.02,,,,,,,,,,,,,,,,,,
15,58,0.04,,,,,,,,,,,,,,,,,,
16,80,0.06,,,,,,,,,,,,,,,,,,
17,55,0.04,,,,,,,,,,,,,,,,,,
18,75,0.05,,,,,,,,,,,,,,,,,,
19,122,0.09,*,,,,,,,,,,,,,,,,,
20,126,0.09,*,,,,,,,,,,,,,,,,,
21,142,0.1,*,,,,,,,,,,,,,,,,,
22,202,0.15,*,,,,,,,,,,,,,,,,,
23,224,0.16,*,,,,,,,,,,,,,,,,,
24,215,0.15,*,,,,,,,,,,,,,,,,,
25,242,0.17,*,,,,,,,,,,,,,,,,,
26,345,0.25,*,,,,,,,,,,,,,,,,,
27,374,0.27,**,,,,,,,,,,,,,,,,,
28,399,0.29,**,,,,,,,,,,,,,,,,,
29,517,0.37,**,,,,,,,,,,,,,,,,,
30,511,0.37,**,,,,,,,,,,,,,,,,,
31,564,0.41,**,,,,,,,,,,,,,,,,,
32,658,0.47,***,,,,,,,,,,,,,,,,,
ÇQíiäK,9390,6.754812,,,,,,,,,,,,,,,,,,
33,766,0.55,***,,,,,,,,,,,,,,,,,
34,753,0.54,***,,,,,,,,,,,,,,,,,
35,804,0.58,***,,,,,,,,,,,,,,,,,
36,977,0.7,****,,,,,,,,,,,,,,,,,
37,1004,0.72,****,,,,,,,,,,,,,,,,,
38,1109,0.8,*****,,,,,,,,,,,,,,,,,
39,1209,0.87,*****,,,,,,,,,,,,,,,,,
40,1330,0.96,******,,,,,,,,,,,,,,,,,
41,1438,1.03,******,,,,,,,,,,,,,,,,,
ÇRíiäK,15742,11.324202,,,,,,,,,,,,,,,,,,
42,1467,1.06,******,,,,,,,,,,,,,,,,,
43,1746,1.26,********,,,,,,,,,,,,,,,,,
44,1823,1.31,********,,,,,,,,,,,,,,,,,
45,1882,1.35,********,,,,,,,,,,,,,,,,,
46,1938,1.39,********,,,,,,,,,,,,,,,,,
47,2249,1.62,**********,,,,,,,,,,,,,,,,,
48,2234,1.61,**********,,,,,,,,,,,,,,,,,
49,2403,1.73,**********,,,,,,,,,,,,,,,,,
ÇSíiäK,24616,17.707823,,,,,,,,,,,,,,,,,,
50,2716,1.95,************,,,,,,,,,,,,,,,,,
51,2755,1.98,************,,,,,,,,,,,,,,,,,
52,2692,1.94,************,,,,,,,,,,,,,,,,,
53,3032,2.18,*************,,,,,,,,,,,,,,,,,
54,3406,2.45,***************,,,,,,,,,,,,,,,,,
55,3016,2.17,*************,,,,,,,,,,,,,,,,,
56,3148,2.26,**************,,,,,,,,,,,,,,,,,
57,3851,2.77,*****************,,,,,,,,,,,,,,,,,
ÇTíiäK,26518,19.07605,,,,,,,,,,,,,,,,,,
58,3622,2.61,****************,,,,,,,,,,,,,,,,,
59,3161,2.27,**************,,,,,,,,,,,,,,,,,
60,3879,2.79,*****************,,,,,,,,,,,,,,,,,
61,4332,3.12,*******************,,,,,,,,,,,,,,,,,
62,3417,2.46,***************,,,,,,,,,,,,,,,,,
63,3647,2.62,****************,,,,,,,,,,,,,,,,,
64,4460,3.21,*******************,,,,,,,,,,,,,,,,,
ÇUíiäK,21741,15.639657,,,,,,,,,,,,,,,,,,
65,3809,2.74,****************,,,,,,,,,,,,,,,,,
66,3233,2.33,**************,,,,,,,,,,,,,,,,,
67,4261,3.07,******************,,,,,,,,,,,,,,,,,
68,4219,3.03,******************,,,,,,,,,,,,,,,,,
69,2810,2.02,************,,,,,,,,,,,,,,,,,
70,3409,2.45,***************,,,,,,,,,,,,,,,,,
ÇVíiäK,20500,14.746928,,,,,,,,,,,,,,,,,,
71,4190,3.01,******************,,,,,,,,,,,,,,,,,
72,2665,1.92,************,,,,,,,,,,,,,,,,,
73,2581,1.86,***********,,,,,,,,,,,,,,,,,
74,3739,2.69,****************,,,,,,,,,,,,,,,,,
75,2877,2.07,************,,,,,,,,,,,,,,,,,
76,1755,1.26,********,,,,,,,,,,,,,,,,,
77,2693,1.94,************,,,,,,,,,,,,,,,,,
ÇWíiäK,9631,6.928178,,,,,,,,,,,,,,,,,,
78,2707,1.95,************,,,,,,,,,,,,,,,,,
79,1235,0.89,*****,,,,,,,,,,,,,,,,,
80,1565,1.13,*******,,,,,,,,,,,,,,,,,
81,2258,1.62,**********,,,,,,,,,,,,,,,,,
82,1081,0.78,*****,,,,,,,,,,,,,,,,,
83,785,0.56,***,,,,,,,,,,,,,,,,,
ÇXíiäK,5810,4.179495,,,,,,,,,,,,,,,,,,
84,1599,1.15,*******,,,,,,,,,,,,,,,,,
85,937,0.67,****,,,,,,,,,,,,,,,,,
86,277,0.2,*,,,,,,,,,,,,,,,,,
87,852,0.61,****,,,,,,,,,,,,,,,,,
88,737,0.53,***,,,,,,,,,,,,,,,,,
89,65,0.05,,,,,,,,,,,,,,,,,,
90,347,0.25,*,,,,,,,,,,,,,,,,,
91,494,0.36,**,,,,,,,,,,,,,,,,,
92,11,0.01,,,,,,,,,,,,,,,,,,
93,88,0.06,,,,,,,,,,,,,,,,,,
94,274,0.2,*,,,,,,,,,,,,,,,,,
95,0,0,,,,,,,,,,,,,,,,,,
96,14,0.01,,,,,,,,,,,,,,,,,,
97,84,0.06,,,,,,,,,,,,,,,,,,
98,0,0,,,,,,,,,,,,,,,,,,
99,0,0,,,,,,,,,,,,,,,,,,
100,31,0.02,,,,,,,,,,,,,,,,,,
óﬂòaÇTîNìx ã≥â»ï ê¨ê—ï™ïzê}Åiñ{ééå±Åj,óﬂòa5îN2åé2ì˙,,,,,,,,,,,,,,,,,,,
ã≥â»ñº,ñûì_,ç≈çÇì_,ç≈í·ì_,ïΩãœì_,ïWèÄïŒç∑,éÛå±é“êî,ìæì_ó¶,ÇTï™ílÇeÇP,ÇTï™ílÇeÇQ,ÇTï™ílÇeÇR,ÇTï™ílÇeÇS,,,,,,,,,
åˆñØ,100,100,0,57.53,15.77,174839,0.5753,43,54,62,71,,,,,,,,,
ì_êî,êlêî,î‰ó¶ÅiÅìÅj,,,,,,,,,,,,,,,,,,
0,35,0.02,,,,,,,,,,,,,,,,,,
1,0,0,,,,,,,,,,,,,,,,,,
2,0,0,,,,,,,,,,,,,,,,,,
3,11,0.01,,,,,,,,,,,,,,,,,,
4,4,0,,,,,,,,,,,,,,,,,,
5,0,0,,,,,,,,,,,,,,,,,,
6,34,0.02,,,,,,,,,,,,,,,,,,
7,34,0.02,,,,,,,,,,,,,,,,,,
8,6,0,,,,,,,,,,,,,,,,,,
9,66,0.04,,,,,,,,,,,,,,,,,,
10,76,0.04,,,,,,,,,,,,,,,,,,
11,33,0.02,,,,,,,,,,,,,,,,,,
12,103,0.06,,,,,,,,,,,,,,,,,,
13,171,0.1,*,,,,,,,,,,,,,,,,,
14,96,0.05,,,,,,,,,,,,,,,,,,
15,145,0.08,,,,,,,,,,,,,,,,,,
16,253,0.14,*,,,,,,,,,,,,,,,,,
17,256,0.15,*,,,,,,,,,,,,,,,,,
18,229,0.13,*,,,,,,,,,,,,,,,,,
19,354,0.2,*,,,,,,,,,,,,,,,,,
20,394,0.23,*,,,,,,,,,,,,,,,,,
21,419,0.24,*,,,,,,,,,,,,,,,,,
22,461,0.26,**,,,,,,,,,,,,,,,,,
23,578,0.33,**,,,,,,,,,,,,,,,,,
24,631,0.36,**,,,,,,,,,,,,,,,,,
25,573,0.33,**,,,,,,,,,,,,,,,,,
26,717,0.41,**,,,,,,,,,,,,,,,,,
27,954,0.55,***,,,,,,,,,,,,,,,,,
28,815,0.47,***,,,,,,,,,,,,,,,,,
29,918,0.53,***,,,,,,,,,,,,,,,,,
30,1266,0.72,****,,,,,,,,,,,,,,,,,
31,1174,0.67,****,,,,,,,,,,,,,,,,,
32,1020,0.58,****,,,,,,,,,,,,,,,,,
33,1510,0.86,*****,,,,,,,,,,,,,,,,,
34,1552,0.89,*****,,,,,,,,,,,,,,,,,
35,1369,0.78,*****,,,,,,,,,,,,,,,,,
36,1788,1.02,******,,,,,,,,,,,,,,,,,
37,2015,1.15,*******,,,,,,,,,,,,,,,,,
38,1617,0.92,******,,,,,,,,,,,,,,,,,
39,2063,1.18,*******,,,,,,,,,,,,,,,,,
40,2478,1.42,*********,,,,,,,,,,,,,,,,,
41,2278,1.3,********,,,,,,,,,,,,,,,,,
42,2199,1.26,********,,,,,,,,,,,,,,,,,
43,2901,1.66,**********,,,,,,,,,,,,,,,,,
44,2845,1.63,**********,,,,,,,,,,,,,,,,,
45,2625,1.5,*********,,,,,,,,,,,,,,,,,
46,3041,1.74,**********,,,,,,,,,,,,,,,,,
47,3402,1.95,************,,,,,,,,,,,,,,,,,
48,3086,1.77,***********,,,,,,,,,,,,,,,,,
49,3363,1.92,************,,,,,,,,,,,,,,,,,
50,3928,2.25,*************,,,,,,,,,,,,,,,,,
51,3596,2.06,************,,,,,,,,,,,,,,,,,
52,3460,1.98,************,,,,,,,,,,,,,,,,,
53,3963,2.27,**************,,,,,,,,,,,,,,,,,
54,4006,2.29,**************,,,,,,,,,,,,,,,,,
55,3747,2.14,*************,,,,,,,,,,,,,,,,,
56,4218,2.41,**************,,,,,,,,,,,,,,,,,
57,4271,2.44,***************,,,,,,,,,,,,,,,,,
58,3945,2.26,**************,,,,,,,,,,,,,,,,,
59,4363,2.5,***************,,,,,,,,,,,,,,,,,
60,4510,2.58,***************,,,,,,,,,,,,,,,,,
61,4079,2.33,**************,,,,,,,,,,,,,,,,,
62,4283,2.45,***************,,,,,,,,,,,,,,,,,
63,4536,2.59,****************,,,,,,,,,,,,,,,,,
64,3932,2.25,*************,,,,,,,,,,,,,,,,,
65,4120,2.36,**************,,,,,,,,,,,,,,,,,
66,4485,2.57,***************,,,,,,,,,,,,,,,,,
67,3643,2.08,*************,,,,,,,,,,,,,,,,,
68,3729,2.13,*************,,,,,,,,,,,,,,,,,
69,4514,2.58,***************,,,,,,,,,,,,,,,,,
70,3446,1.97,************,,,,,,,,,,,,,,,,,
71,3208,1.83,***********,,,,,,,,,,,,,,,,,
72,4071,2.33,**************,,,,,,,,,,,,,,,,,
73,3094,1.77,***********,,,,,,,,,,,,,,,,,
74,2431,1.39,********,,,,,,,,,,,,,,,,,
75,3531,2.02,************,,,,,,,,,,,,,,,,,
76,2604,1.49,*********,,,,,,,,,,,,,,,,,
77,1635,0.94,******,,,,,,,,,,,,,,,,,
78,2800,1.6,**********,,,,,,,,,,,,,,,,,
79,2295,1.31,********,,,,,,,,,,,,,,,,,
80,1124,0.64,****,,,,,,,,,,,,,,,,,
81,1971,1.13,*******,,,,,,,,,,,,,,,,,
82,1931,1.1,*******,,,,,,,,,,,,,,,,,
83,659,0.38,**,,,,,,,,,,,,,,,,,
84,1353,0.77,*****,,,,,,,,,,,,,,,,,
85,1507,0.86,*****,,,,,,,,,,,,,,,,,
86,304,0.17,*,,,,,,,,,,,,,,,,,
87,754,0.43,***,,,,,,,,,,,,,,,,,
88,1005,0.57,***,,,,,,,,,,,,,,,,,
89,115,0.07,,,,,,,,,,,,,,,,,,
90,393,0.22,*,,,,,,,,,,,,,,,,,
91,621,0.36,**,,,,,,,,,,,,,,,,,
92,17,0.01,,,,,,,,,,,,,,,,,,
93,129,0.07,,,,,,,,,,,,,,,,,,
94,339,0.19,*,,,,,,,,,,,,,,,,,
95,4,0,,,,,,,,,,,,,,,,,,
96,28,0.02,,,,,,,,,,,,,,,,,,
97,144,0.08,,,,,,,,,,,,,,,,,,
98,0,0,,,,,,,,,,,,,,,,,,
99,0,0,,,,,,,,,,,,,,,,,,
100,40,0.02,,,,,,,,,,,,,,,,,,
óﬂòaÇTîNìx â»ñ⁄ï ê¨ê—ï™ïzê}Åiñ{ééå±Åj,óﬂòa5îN2åé2ì˙,,,,,,,,,,,,,,,,,,,
â»ñ⁄ñº,ñûì_,ç≈çÇì_,ç≈í·ì_,ïΩãœì_,ïWèÄïŒç∑,éÛå±é“êî,ìæì_ó¶,ÇTï™ílÇeÇP,ÇTï™ílÇeÇQ,ÇTï™ílÇeÇR,ÇTï™ílÇeÇS,ÇPíiäK,ÇQíiäK,ÇRíiäK,ÇSíiäK,ÇTíiäK,ÇUíiäK,ÇVíiäK,ÇWíiäK,ÇXíiäK
åªë„é–âÔ,100,100,0,59.46,16,64676,0.5946,46,56,64,73,0Å`28,29Å`38,39Å`47,48Å`56,57Å`64,65Å`71,72Å`77,78Å`84,85Å`100
ì_êî,êlêî,î‰ó¶ÅiÅìÅj,,,,,,,,,,,,,,,,,,
ÇPíiäK,2568,3.97056,,,,,,,,,,,,,,,,,,
0,13,0.02,,,,,,,,,,,,,,,,,,
1,0,0,,,,,,,,,,,,,,,,,,
2,0,0,,,,,,,,,,,,,,,,,,
3,7,0.01,,,,,,,,,,,,,,,,,,
4,3,0,,,,,,,,,,,,,,,,,,
5,0,0,,,,,,,,,,,,,,,,,,
6,14,0.02,,,,,,,,,,,,,,,,,,
7,21,0.03,,,,,,,,,,,,,,,,,,
8,5,0.01,,,,,,,,,,,,,,,,,,
9,32,0.05,,,,,,,,,,,,,,,,,,
10,37,0.06,,,,,,,,,,,,,,,,,,
11,18,0.03,,,,,,,,,,,,,,,,,,
12,38,0.06,,,,,,,,,,,,,,,,,,
13,92,0.14,*,,,,,,,,,,,,,,,,,
14,52,0.08,,,,,,,,,,,,,,,,,,
15,53,0.08,,,,,,,,,,,,,,,,,,
16,116,0.18,*,,,,,,,,,,,,,,,,,
17,124,0.19,*,,,,,,,,,,,,,,,,,
18,53,0.08,,,,,,,,,,,,,,,,,,
19,139,0.21,*,,,,,,,,,,,,,,,,,
20,167,0.26,**,,,,,,,,,,,,,,,,,
21,117,0.18,*,,,,,,,,,,,,,,,,,
22,140,0.22,*,,,,,,,,,,,,,,,,,
23,245,0.38,**,,,,,,,,,,,,,,,,,
24,185,0.29,**,,,,,,,,,,,,,,,,,
25,157,0.24,*,,,,,,,,,,,,,,,,,
26,219,0.34,**,,,,,,,,,,,,,,,,,
27,303,0.47,***,,,,,,,,,,,,,,,,,
28,218,0.34,**,,,,,,,,,,,,,,,,,
ÇQíiäK,4298,6.645432,,,,,,,,,,,,,,,,,,
29,287,0.44,***,,,,,,,,,,,,,,,,,
30,384,0.59,****,,,,,,,,,,,,,,,,,
31,346,0.53,***,,,,,,,,,,,,,,,,,
32,302,0.47,***,,,,,,,,,,,,,,,,,
33,424,0.66,****,,,,,,,,,,,,,,,,,
34,460,0.71,****,,,,,,,,,,,,,,,,,
35,420,0.65,****,,,,,,,,,,,,,,,,,
36,500,0.77,*****,,,,,,,,,,,,,,,,,
37,626,0.97,******,,,,,,,,,,,,,,,,,
38,549,0.85,*****,,,,,,,,,,,,,,,,,
ÇRíiäK,7312,11.305584,,,,,,,,,,,,,,,,,,
39,558,0.86,*****,,,,,,,,,,,,,,,,,
40,724,1.12,*******,,,,,,,,,,,,,,,,,
41,813,1.26,********,,,,,,,,,,,,,,,,,
42,628,0.97,******,,,,,,,,,,,,,,,,,
43,789,1.22,*******,,,,,,,,,,,,,,,,,
44,982,1.52,*********,,,,,,,,,,,,,,,,,
45,891,1.38,********,,,,,,,,,,,,,,,,,
46,820,1.27,********,,,,,,,,,,,,,,,,,
47,1107,1.71,**********,,,,,,,,,,,,,,,,,
ÇSíiäK,11531,17.82887,,,,,,,,,,,,,,,,,,
48,1165,1.8,***********,,,,,,,,,,,,,,,,,
49,1045,1.62,**********,,,,,,,,,,,,,,,,,
50,1210,1.87,***********,,,,,,,,,,,,,,,,,
51,1401,2.17,*************,,,,,,,,,,,,,,,,,
52,1166,1.8,***********,,,,,,,,,,,,,,,,,
53,1194,1.85,***********,,,,,,,,,,,,,,,,,
54,1498,2.32,**************,,,,,,,,,,,,,,,,,
55,1620,2.5,***************,,,,,,,,,,,,,,,,,
56,1232,1.9,***********,,,,,,,,,,,,,,,,,
ÇTíiäK,12666,19.583771,,,,,,,,,,,,,,,,,,
57,1402,2.17,*************,,,,,,,,,,,,,,,,,
58,1772,2.74,****************,,,,,,,,,,,,,,,,,
59,1475,2.28,**************,,,,,,,,,,,,,,,,,
60,1341,2.07,************,,,,,,,,,,,,,,,,,
61,1843,2.85,*****************,,,,,,,,,,,,,,,,,
62,1748,2.7,****************,,,,,,,,,,,,,,,,,
63,1323,2.05,************,,,,,,,,,,,,,,,,,
64,1762,2.72,****************,,,,,,,,,,,,,,,,,
ÇUíiäK,10979,16.975384,,,,,,,,,,,,,,,,,,
65,1944,3.01,******************,,,,,,,,,,,,,,,,,
66,1370,2.12,*************,,,,,,,,,,,,,,,,,
67,1370,2.12,*************,,,,,,,,,,,,,,,,,
68,1909,2.95,******************,,,,,,,,,,,,,,,,,
69,1579,2.44,***************,,,,,,,,,,,,,,,,,
70,1089,1.68,**********,,,,,,,,,,,,,,,,,
71,1718,2.66,****************,,,,,,,,,,,,,,,,,
ÇVíiäK,7023,10.858742,,,,,,,,,,,,,,,,,,
72,1598,2.47,***************,,,,,,,,,,,,,,,,,
73,837,1.29,********,,,,,,,,,,,,,,,,,
74,1332,2.06,************,,,,,,,,,,,,,,,,,
75,1641,2.54,***************,,,,,,,,,,,,,,,,,
76,717,1.11,*******,,,,,,,,,,,,,,,,,
77,898,1.39,********,,,,,,,,,,,,,,,,,
ÇWíiäK,5600,8.658544,,,,,,,,,,,,,,,,,,
78,1429,2.21,*************,,,,,,,,,,,,,,,,,
79,697,1.08,******,,,,,,,,,,,,,,,,,
80,630,0.97,******,,,,,,,,,,,,,,,,,
81,1077,1.67,**********,,,,,,,,,,,,,,,,,
82,613,0.95,******,,,,,,,,,,,,,,,,,
83,328,0.51,***,,,,,,,,,,,,,,,,,
84,826,1.28,********,,,,,,,,,,,,,,,,,
ÇXíiäK,2699,4.173109,,,,,,,,,,,,,,,,,,
85,578,0.89,*****,,,,,,,,,,,,,,,,,
86,127,0.2,*,,,,,,,,,,,,,,,,,
87,489,0.76,*****,,,,,,,,,,,,,,,,,
88,452,0.7,****,,,,,,,,,,,,,,,,,
89,37,0.06,,,,,,,,,,,,,,,,,,
90,243,0.38,**,,,,,,,,,,,,,,,,,
91,330,0.51,***,,,,,,,,,,,,,,,,,
92,1,0,,,,,,,,,,,,,,,,,,
93,82,0.13,*,,,,,,,,,,,,,,,,,
94,217,0.34,**,,,,,,,,,,,,,,,,,
95,0,0,,,,,,,,,,,,,,,,,,
96,22,0.03,,,,,,,,,,,,,,,,,,
97,93,0.14,*,,,,,,,,,,,,,,,,,
98,0,0,,,,,,,,,,,,,,,,,,
99,0,0,,,,,,,,,,,,,,,,,,
100,28,0.04,,,,,,,,,,,,,,,,,,
óﬂòaÇTîNìx â»ñ⁄ï ê¨ê—ï™ïzê}Åiñ{ééå±Åj,óﬂòa5îN2åé2ì˙,,,,,,,,,,,,,,,,,,,
â»ñ⁄ñº,ñûì_,ç≈çÇì_,ç≈í·ì_,ïΩãœì_,ïWèÄïŒç∑,éÛå±é“êî,ìæì_ó¶,ÇTï™ílÇeÇP,ÇTï™ílÇeÇQ,ÇTï™ílÇeÇR,ÇTï™ílÇeÇS,ÇPíiäK,ÇQíiäK,ÇRíiäK,ÇSíiäK,ÇTíiäK,ÇUíiäK,ÇVíiäK,ÇWíiäK,ÇXíiäK
óœóù,100,100,0,59.02,15.53,19878,0.5902,45,55,64,72,0Å`29,30Å`38,39Å`47,48Å`55,56Å`63,64Å`70,71Å`77,78Å`84,85Å`100
ì_êî,êlêî,î‰ó¶ÅiÅìÅj,,,,,,,,,,,,,,,,,,
ÇPíiäK,696,3.501358,,,,,,,,,,,,,,,,,,
0,5,0.03,,,,,,,,,,,,,,,,,,
1,0,0,,,,,,,,,,,,,,,,,,
2,0,0,,,,,,,,,,,,,,,,,,
3,0,0,,,,,,,,,,,,,,,,,,
4,0,0,,,,,,,,,,,,,,,,,,
5,0,0,,,,,,,,,,,,,,,,,,
6,3,0.02,,,,,,,,,,,,,,,,,,
7,1,0.01,,,,,,,,,,,,,,,,,,
8,0,0,,,,,,,,,,,,,,,,,,
9,6,0.03,,,,,,,,,,,,,,,,,,
10,1,0.01,,,,,,,,,,,,,,,,,,
11,1,0.01,,,,,,,,,,,,,,,,,,
12,15,0.08,,,,,,,,,,,,,,,,,,
13,6,0.03,,,,,,,,,,,,,,,,,,
14,5,0.03,,,,,,,,,,,,,,,,,,
15,17,0.09,*,,,,,,,,,,,,,,,,,
16,7,0.04,,,,,,,,,,,,,,,,,,
17,13,0.07,,,,,,,,,,,,,,,,,,
18,46,0.23,*,,,,,,,,,,,,,,,,,
19,12,0.06,,,,,,,,,,,,,,,,,,
20,18,0.09,*,,,,,,,,,,,,,,,,,
21,75,0.38,**,,,,,,,,,,,,,,,,,
22,29,0.15,*,,,,,,,,,,,,,,,,,
23,33,0.17,*,,,,,,,,,,,,,,,,,
24,81,0.41,**,,,,,,,,,,,,,,,,,
25,33,0.17,*,,,,,,,,,,,,,,,,,
26,49,0.25,*,,,,,,,,,,,,,,,,,
27,126,0.63,****,,,,,,,,,,,,,,,,,
28,60,0.3,**,,,,,,,,,,,,,,,,,
29,54,0.27,**,,,,,,,,,,,,,,,,,
ÇQíiäK,1360,6.841734,,,,,,,,,,,,,,,,,,
30,164,0.83,*****,,,,,,,,,,,,,,,,,
31,93,0.47,***,,,,,,,,,,,,,,,,,
32,80,0.4,**,,,,,,,,,,,,,,,,,
33,227,1.14,*******,,,,,,,,,,,,,,,,,
34,124,0.62,****,,,,,,,,,,,,,,,,,
35,134,0.67,****,,,,,,,,,,,,,,,,,
36,252,1.27,********,,,,,,,,,,,,,,,,,
37,153,0.77,*****,,,,,,,,,,,,,,,,,
38,133,0.67,****,,,,,,,,,,,,,,,,,
ÇRíiäK,2504,12.59684,,,,,,,,,,,,,,,,,,
39,325,1.63,**********,,,,,,,,,,,,,,,,,
40,211,1.06,******,,,,,,,,,,,,,,,,,
41,166,0.84,*****,,,,,,,,,,,,,,,,,
42,314,1.58,*********,,,,,,,,,,,,,,,,,
43,288,1.45,*********,,,,,,,,,,,,,,,,,
44,226,1.14,*******,,,,,,,,,,,,,,,,,
45,387,1.95,************,,,,,,,,,,,,,,,,,
46,348,1.75,***********,,,,,,,,,,,,,,,,,
47,239,1.2,*******,,,,,,,,,,,,,,,,,
ÇSíiäK,3298,16.591206,,,,,,,,,,,,,,,,,,
48,414,2.08,************,,,,,,,,,,,,,,,,,
49,372,1.87,***********,,,,,,,,,,,,,,,,,
50,291,1.46,*********,,,,,,,,,,,,,,,,,
51,511,2.57,***************,,,,,,,,,,,,,,,,,
52,408,2.05,************,,,,,,,,,,,,,,,,,
53,315,1.58,**********,,,,,,,,,,,,,,,,,
54,511,2.57,***************,,,,,,,,,,,,,,,,,
55,476,2.39,**************,,,,,,,,,,,,,,,,,
ÇTíiäK,3762,18.925445,,,,,,,,,,,,,,,,,,
56,334,1.68,**********,,,,,,,,,,,,,,,,,
57,498,2.51,***************,,,,,,,,,,,,,,,,,
58,551,2.77,*****************,,,,,,,,,,,,,,,,,
59,376,1.89,***********,,,,,,,,,,,,,,,,,
60,509,2.56,***************,,,,,,,,,,,,,,,,,
61,642,3.23,*******************,,,,,,,,,,,,,,,,,
62,368,1.85,***********,,,,,,,,,,,,,,,,,
63,484,2.43,***************,,,,,,,,,,,,,,,,,
ÇUíiäK,3429,17.250226,,,,,,,,,,,,,,,,,,
64,581,2.92,******************,,,,,,,,,,,,,,,,,
65,350,1.76,***********,,,,,,,,,,,,,,,,,
66,476,2.39,**************,,,,,,,,,,,,,,,,,
67,622,3.13,*******************,,,,,,,,,,,,,,,,,
68,329,1.66,**********,,,,,,,,,,,,,,,,,
69,402,2.02,************,,,,,,,,,,,,,,,,,
70,669,3.37,********************,,,,,,,,,,,,,,,,,
ÇVíiäK,2506,12.606902,,,,,,,,,,,,,,,,,,
71,313,1.57,*********,,,,,,,,,,,,,,,,,
72,341,1.72,**********,,,,,,,,,,,,,,,,,
73,621,3.12,*******************,,,,,,,,,,,,,,,,,
74,257,1.29,********,,,,,,,,,,,,,,,,,
75,256,1.29,********,,,,,,,,,,,,,,,,,
76,531,2.67,****************,,,,,,,,,,,,,,,,,
77,187,0.94,******,,,,,,,,,,,,,,,,,
ÇWíiäK,1523,7.661736,,,,,,,,,,,,,,,,,,
78,205,1.03,******,,,,,,,,,,,,,,,,,
79,449,2.26,**************,,,,,,,,,,,,,,,,,
80,150,0.75,*****,,,,,,,,,,,,,,,,,
81,128,0.64,****,,,,,,,,,,,,,,,,,
82,428,2.15,*************,,,,,,,,,,,,,,,,,
83,94,0.47,***,,,,,,,,,,,,,,,,,
84,69,0.35,**,,,,,,,,,,,,,,,,,
ÇXíiäK,800,4.024549,,,,,,,,,,,,,,,,,,
85,285,1.43,*********,,,,,,,,,,,,,,,,,
86,53,0.27,**,,,,,,,,,,,,,,,,,
87,40,0.2,*,,,,,,,,,,,,,,,,,
88,189,0.95,******,,,,,,,,,,,,,,,,,
89,27,0.14,*,,,,,,,,,,,,,,,,,
90,20,0.1,*,,,,,,,,,,,,,,,,,
91,114,0.57,***,,,,,,,,,,,,,,,,,
92,5,0.03,,,,,,,,,,,,,,,,,,
93,3,0.02,,,,,,,,,,,,,,,,,,
94,41,0.21,*,,,,,,,,,,,,,,,,,
95,4,0.02,,,,,,,,,,,,,,,,,,
96,1,0.01,,,,,,,,,,,,,,,,,,
97,13,0.07,,,,,,,,,,,,,,,,,,
98,0,0,,,,,,,,,,,,,,,,,,
99,0,0,,,,,,,,,,,,,,,,,,
100,5,0.03,,,,,,,,,,,,,,,,,,
óﬂòaÇTîNìx â»ñ⁄ï ê¨ê—ï™ïzê}Åiñ{ééå±Åj,óﬂòa5îN2åé2ì˙,,,,,,,,,,,,,,,,,,,
â»ñ⁄ñº,ñûì_,ç≈çÇì_,ç≈í·ì_,ïΩãœì_,ïWèÄïŒç∑,éÛå±é“êî,ìæì_ó¶,ÇTï™ílÇeÇP,ÇTï™ílÇeÇQ,ÇTï™ílÇeÇR,ÇTï™ílÇeÇS,ÇPíiäK,ÇQíiäK,ÇRíiäK,ÇSíiäK,ÇTíiäK,ÇUíiäK,ÇVíiäK,ÇWíiäK,ÇXíiäK
ê≠é°ÅEåoçœ,100,100,0,50.96,15.3,44707,0.5096,37,46,55,64,0Å`23,24Å`31,32Å`38,39Å`46,47Å`54,55Å`62,63Å`69,70Å`76,77Å`100
ì_êî,êlêî,î‰ó¶ÅiÅìÅj,,,,,,,,,,,,,,,,,,
ÇPíiäK,1625,3.634777,,,,,,,,,,,,,,,,,,
0,8,0.02,,,,,,,,,,,,,,,,,,
1,0,0,,,,,,,,,,,,,,,,,,
2,0,0,,,,,,,,,,,,,,,,,,
3,3,0.01,,,,,,,,,,,,,,,,,,
4,1,0,,,,,,,,,,,,,,,,,,
5,0,0,,,,,,,,,,,,,,,,,,
6,13,0.03,,,,,,,,,,,,,,,,,,
7,12,0.03,,,,,,,,,,,,,,,,,,
8,0,0,,,,,,,,,,,,,,,,,,
9,23,0.05,,,,,,,,,,,,,,,,,,
10,32,0.07,,,,,,,,,,,,,,,,,,
11,14,0.03,,,,,,,,,,,,,,,,,,
12,35,0.08,,,,,,,,,,,,,,,,,,
13,65,0.15,*,,,,,,,,,,,,,,,,,
14,37,0.08,,,,,,,,,,,,,,,,,,
15,44,0.1,*,,,,,,,,,,,,,,,,,
16,109,0.24,*,,,,,,,,,,,,,,,,,
17,114,0.25,**,,,,,,,,,,,,,,,,,
18,87,0.19,*,,,,,,,,,,,,,,,,,
19,170,0.38,**,,,,,,,,,,,,,,,,,
20,197,0.44,***,,,,,,,,,,,,,,,,,
21,154,0.34,**,,,,,,,,,,,,,,,,,
22,223,0.5,***,,,,,,,,,,,,,,,,,
23,284,0.64,****,,,,,,,,,,,,,,,,,
ÇQíiäK,3210,7.180083,,,,,,,,,,,,,,,,,,
24,279,0.62,****,,,,,,,,,,,,,,,,,
25,257,0.57,***,,,,,,,,,,,,,,,,,
26,405,0.91,*****,,,,,,,,,,,,,,,,,
27,375,0.84,*****,,,,,,,,,,,,,,,,,
28,365,0.82,*****,,,,,,,,,,,,,,,,,
29,499,1.12,*******,,,,,,,,,,,,,,,,,
30,578,1.29,********,,,,,,,,,,,,,,,,,
31,452,1.01,******,,,,,,,,,,,,,,,,,
ÇRíiäK,4728,10.575525,,,,,,,,,,,,,,,,,,
32,530,1.19,*******,,,,,,,,,,,,,,,,,
33,680,1.52,*********,,,,,,,,,,,,,,,,,
34,627,1.4,********,,,,,,,,,,,,,,,,,
35,612,1.37,********,,,,,,,,,,,,,,,,,
36,814,1.82,***********,,,,,,,,,,,,,,,,,
37,809,1.81,***********,,,,,,,,,,,,,,,,,
38,656,1.47,*********,,,,,,,,,,,,,,,,,
ÇSíiäK,7792,17.429037,,,,,,,,,,,,,,,,,,
39,899,2.01,************,,,,,,,,,,,,,,,,,
40,993,2.22,*************,,,,,,,,,,,,,,,,,
41,847,1.89,***********,,,,,,,,,,,,,,,,,
42,875,1.96,************,,,,,,,,,,,,,,,,,
43,1135,2.54,***************,,,,,,,,,,,,,,,,,
44,1001,2.24,*************,,,,,,,,,,,,,,,,,
45,907,2.03,************,,,,,,,,,,,,,,,,,
46,1135,2.54,***************,,,,,,,,,,,,,,,,,
ÇTíiäK,8912,19.934238,,,,,,,,,,,,,,,,,,
47,1173,2.62,****************,,,,,,,,,,,,,,,,,
48,971,2.17,*************,,,,,,,,,,,,,,,,,
49,1151,2.57,***************,,,,,,,,,,,,,,,,,
50,1295,2.9,*****************,,,,,,,,,,,,,,,,,
51,987,2.21,*************,,,,,,,,,,,,,,,,,
52,1091,2.44,***************,,,,,,,,,,,,,,,,,
53,1185,2.65,****************,,,,,,,,,,,,,,,,,
54,1059,2.37,**************,,,,,,,,,,,,,,,,,
ÇUíiäK,7923,17.722056,,,,,,,,,,,,,,,,,,
55,914,2.04,************,,,,,,,,,,,,,,,,,
56,1170,2.62,****************,,,,,,,,,,,,,,,,,
57,1163,2.6,****************,,,,,,,,,,,,,,,,,
58,873,1.95,************,,,,,,,,,,,,,,,,,
59,1016,2.27,**************,,,,,,,,,,,,,,,,,
60,1158,2.59,****************,,,,,,,,,,,,,,,,,
61,822,1.84,***********,,,,,,,,,,,,,,,,,
62,807,1.81,***********,,,,,,,,,,,,,,,,,
ÇVíiäK,5147,11.512738,,,,,,,,,,,,,,,,,,
63,989,2.21,*************,,,,,,,,,,,,,,,,,
64,792,1.77,***********,,,,,,,,,,,,,,,,,
65,647,1.45,*********,,,,,,,,,,,,,,,,,
66,789,1.76,***********,,,,,,,,,,,,,,,,,
67,762,1.7,**********,,,,,,,,,,,,,,,,,
68,573,1.28,********,,,,,,,,,,,,,,,,,
69,595,1.33,********,,,,,,,,,,,,,,,,,
ÇWíiäK,3279,7.334421,,,,,,,,,,,,,,,,,,
70,704,1.57,*********,,,,,,,,,,,,,,,,,
71,511,1.14,*******,,,,,,,,,,,,,,,,,
72,430,0.96,******,,,,,,,,,,,,,,,,,
73,563,1.26,********,,,,,,,,,,,,,,,,,
74,418,0.93,******,,,,,,,,,,,,,,,,,
75,292,0.65,****,,,,,,,,,,,,,,,,,
76,361,0.81,*****,,,,,,,,,,,,,,,,,
ÇXíiäK,2091,4.677119,,,,,,,,,,,,,,,,,,
77,337,0.75,*****,,,,,,,,,,,,,,,,,
78,196,0.44,***,,,,,,,,,,,,,,,,,
79,214,0.48,***,,,,,,,,,,,,,,,,,
80,236,0.53,***,,,,,,,,,,,,,,,,,
81,152,0.34,**,,,,,,,,,,,,,,,,,
82,138,0.31,**,,,,,,,,,,,,,,,,,
83,198,0.44,***,,,,,,,,,,,,,,,,,
84,105,0.23,*,,,,,,,,,,,,,,,,,
85,67,0.15,*,,,,,,,,,,,,,,,,,
86,116,0.26,**,,,,,,,,,,,,,,,,,
87,80,0.18,*,,,,,,,,,,,,,,,,,
88,25,0.06,,,,,,,,,,,,,,,,,,
89,50,0.11,*,,,,,,,,,,,,,,,,,
90,83,0.19,*,,,,,,,,,,,,,,,,,
91,13,0.03,,,,,,,,,,,,,,,,,,
92,11,0.02,,,,,,,,,,,,,,,,,,
93,35,0.08,,,,,,,,,,,,,,,,,,
94,14,0.03,,,,,,,,,,,,,,,,,,
95,0,0,,,,,,,,,,,,,,,,,,
96,5,0.01,,,,,,,,,,,,,,,,,,
97,13,0.03,,,,,,,,,,,,,,,,,,
98,0,0,,,,,,,,,,,,,,,,,,
99,0,0,,,,,,,,,,,,,,,,,,
100,3,0.01,,,,,,,,,,,,,,,,,,
óﬂòaÇTîNìx â»ñ⁄ï ê¨ê—ï™ïzê}Åiñ{ééå±Åj,óﬂòa5îN2åé2ì˙,,,,,,,,,,,,,,,,,,,
â»ñ⁄ñº,ñûì_,ç≈çÇì_,ç≈í·ì_,ïΩãœì_,ïWèÄïŒç∑,éÛå±é“êî,ìæì_ó¶,ÇTï™ílÇeÇP,ÇTï™ílÇeÇQ,ÇTï™ílÇeÇR,ÇTï™ílÇeÇS,ÇPíiäK,ÇQíiäK,ÇRíiäK,ÇSíiäK,ÇTíiäK,ÇUíiäK,ÇVíiäK,ÇWíiäK,ÇXíiäK
óœóùÅCê≠é°ÅEåoçœ,100,100,0,60.59,14.07,45578,0.6059,48,58,65,72,0Å`33,34Å`42,43Å`49,50Å`57,58Å`64,65Å`71,72Å`77,78Å`81,82Å`100
ì_êî,êlêî,î‰ó¶ÅiÅìÅj,,,,,,,,,,,,,,,,,,
ÇPíiäK,1720,3.77375,,,,,,,,,,,,,,,,,,
0,9,0.02,,,,,,,,,,,,,,,,,,
1,0,0,,,,,,,,,,,,,,,,,,
2,0,0,,,,,,,,,,,,,,,,,,
3,1,0,,,,,,,,,,,,,,,,,,
4,0,0,,,,,,,,,,,,,,,,,,
5,0,0,,,,,,,,,,,,,,,,,,
6,4,0.01,,,,,,,,,,,,,,,,,,
7,0,0,,,,,,,,,,,,,,,,,,
8,1,0,,,,,,,,,,,,,,,,,,
9,5,0.01,,,,,,,,,,,,,,,,,,
10,6,0.01,,,,,,,,,,,,,,,,,,
11,0,0,,,,,,,,,,,,,,,,,,
12,15,0.03,,,,,,,,,,,,,,,,,,
13,8,0.02,,,,,,,,,,,,,,,,,,
14,2,0,,,,,,,,,,,,,,,,,,
15,31,0.07,,,,,,,,,,,,,,,,,,
16,21,0.05,,,,,,,,,,,,,,,,,,
17,5,0.01,,,,,,,,,,,,,,,,,,
18,43,0.09,*,,,,,,,,,,,,,,,,,
19,33,0.07,,,,,,,,,,,,,,,,,,
20,12,0.03,,,,,,,,,,,,,,,,,,
21,73,0.16,*,,,,,,,,,,,,,,,,,
22,69,0.15,*,,,,,,,,,,,,,,,,,
23,16,0.04,,,,,,,,,,,,,,,,,,
24,86,0.19,*,,,,,,,,,,,,,,,,,
25,126,0.28,**,,,,,,,,,,,,,,,,,
26,44,0.1,*,,,,,,,,,,,,,,,,,
27,150,0.33,**,,,,,,,,,,,,,,,,,
28,172,0.38,**,,,,,,,,,,,,,,,,,
29,78,0.17,*,,,,,,,,,,,,,,,,,
30,140,0.31,**,,,,,,,,,,,,,,,,,
31,283,0.62,****,,,,,,,,,,,,,,,,,
32,108,0.24,*,,,,,,,,,,,,,,,,,
33,179,0.39,**,,,,,,,,,,,,,,,,,
ÇQíiäK,3137,6.882706,,,,,,,,,,,,,,,,,,
34,341,0.75,****,,,,,,,,,,,,,,,,,
35,203,0.45,***,,,,,,,,,,,,,,,,,
36,222,0.49,***,,,,,,,,,,,,,,,,,
37,427,0.94,******,,,,,,,,,,,,,,,,,
38,279,0.61,****,,,,,,,,,,,,,,,,,
39,281,0.62,****,,,,,,,,,,,,,,,,,
40,550,1.21,*******,,,,,,,,,,,,,,,,,
41,452,0.99,******,,,,,,,,,,,,,,,,,
42,382,0.84,*****,,,,,,,,,,,,,,,,,
ÇRíiäK,4717,10.349291,,,,,,,,,,,,,,,,,,
43,689,1.51,*********,,,,,,,,,,,,,,,,,
44,636,1.4,********,,,,,,,,,,,,,,,,,
45,440,0.97,******,,,,,,,,,,,,,,,,,
46,738,1.62,**********,,,,,,,,,,,,,,,,,
47,883,1.94,************,,,,,,,,,,,,,,,,,
48,536,1.18,*******,,,,,,,,,,,,,,,,,
49,795,1.74,**********,,,,,,,,,,,,,,,,,
ÇSíiäK,8258,18.11839,,,,,,,,,,,,,,,,,,
50,1132,2.48,***************,,,,,,,,,,,,,,,,,
51,697,1.53,*********,,,,,,,,,,,,,,,,,
52,795,1.74,**********,,,,,,,,,,,,,,,,,
53,1269,2.78,*****************,,,,,,,,,,,,,,,,,
54,938,2.06,************,,,,,,,,,,,,,,,,,
55,737,1.62,**********,,,,,,,,,,,,,,,,,
56,1482,3.25,********************,,,,,,,,,,,,,,,,,
57,1208,2.65,****************,,,,,,,,,,,,,,,,,
ÇTíiäK,8416,18.465048,,,,,,,,,,,,,,,,,,
58,749,1.64,**********,,,,,,,,,,,,,,,,,
59,1496,3.28,********************,,,,,,,,,,,,,,,,,
60,1502,3.3,********************,,,,,,,,,,,,,,,,,
61,772,1.69,**********,,,,,,,,,,,,,,,,,
62,1360,2.98,******************,,,,,,,,,,,,,,,,,
63,1740,3.82,***********************,,,,,,,,,,,,,,,,,
64,797,1.75,**********,,,,,,,,,,,,,,,,,
ÇUíiäK,8424,18.482601,,,,,,,,,,,,,,,,,,
65,1179,2.59,****************,,,,,,,,,,,,,,,,,
66,1850,4.06,************************,,,,,,,,,,,,,,,,,
67,889,1.95,************,,,,,,,,,,,,,,,,,
68,918,2.01,************,,,,,,,,,,,,,,,,,
69,1938,4.25,**************************,,,,,,,,,,,,,,,,,
70,984,2.16,*************,,,,,,,,,,,,,,,,,
71,666,1.46,*********,,,,,,,,,,,,,,,,,
ÇVíiäK,5749,12.613541,,,,,,,,,,,,,,,,,,
72,1702,3.73,**********************,,,,,,,,,,,,,,,,,
73,1073,2.35,**************,,,,,,,,,,,,,,,,,
74,424,0.93,******,,,,,,,,,,,,,,,,,
75,1342,2.94,******************,,,,,,,,,,,,,,,,,
76,995,2.18,*************,,,,,,,,,,,,,,,,,
77,213,0.47,***,,,,,,,,,,,,,,,,,
ÇWíiäK,2627,5.763745,,,,,,,,,,,,,,,,,,
78,970,2.13,*************,,,,,,,,,,,,,,,,,
79,935,2.05,************,,,,,,,,,,,,,,,,,
80,108,0.24,*,,,,,,,,,,,,,,,,,
81,614,1.35,********,,,,,,,,,,,,,,,,,
ÇXíiäK,2530,5.550923,,,,,,,,,,,,,,,,,,
82,752,1.65,**********,,,,,,,,,,,,,,,,,
83,39,0.09,*,,,,,,,,,,,,,,,,,
84,353,0.77,*****,,,,,,,,,,,,,,,,,
85,577,1.27,********,,,,,,,,,,,,,,,,,
86,8,0.02,,,,,,,,,,,,,,,,,,
87,145,0.32,**,,,,,,,,,,,,,,,,,
88,339,0.74,****,,,,,,,,,,,,,,,,,
89,1,0,,,,,,,,,,,,,,,,,,
90,47,0.1,*,,,,,,,,,,,,,,,,,
91,164,0.36,**,,,,,,,,,,,,,,,,,
92,0,0,,,,,,,,,,,,,,,,,,
93,9,0.02,,,,,,,,,,,,,,,,,,
94,67,0.15,*,,,,,,,,,,,,,,,,,
95,0,0,,,,,,,,,,,,,,,,,,
96,0,0,,,,,,,,,,,,,,,,,,
97,25,0.05,,,,,,,,,,,,,,,,,,
98,0,0,,,,,,,,,,,,,,,,,,
99,0,0,,,,,,,,,,,,,,,,,,
100,4,0.01,,,,,,,,,,,,,,,,,,
óﬂòaÇTîNìx ã≥â»ï ê¨ê—ï™ïzê}Åiñ{ééå±Åj,óﬂòa5îN2åé2ì˙,,,,,,,,,,,,,,,,,,,
ã≥â»ñº,ñûì_,ç≈çÇì_,ç≈í·ì_,ïΩãœì_,ïWèÄïŒç∑,éÛå±é“êî,ìæì_ó¶,ÇTï™ílÇeÇP,ÇTï™ílÇeÇQ,ÇTï™ílÇeÇR,ÇTï™ílÇeÇS,,,,,,,,,
êîäwá@,100,100,0,55.39,19.74,351790,0.5539,37,50,61,73,,,,,,,,,
ì_êî,êlêî,î‰ó¶ÅiÅìÅj,,,,,,,,,,,,,,,,,,
0,91,0.03,,,,,,,,,,,,,,,,,,
1,13,0,,,,,,,,,,,,,,,,,,
2,72,0.02,,,,,,,,,,,,,,,,,,
3,169,0.05,,,,,,,,,,,,,,,,,,
4,61,0.02,,,,,,,,,,,,,,,,,,
5,174,0.05,,,,,,,,,,,,,,,,,,
6,275,0.08,,,,,,,,,,,,,,,,,,
7,234,0.07,,,,,,,,,,,,,,,,,,
8,427,0.12,*,,,,,,,,,,,,,,,,,
9,406,0.12,*,,,,,,,,,,,,,,,,,
10,523,0.15,*,,,,,,,,,,,,,,,,,
11,665,0.19,*,,,,,,,,,,,,,,,,,
12,689,0.2,*,,,,,,,,,,,,,,,,,
13,836,0.24,*,,,,,,,,,,,,,,,,,
14,1057,0.3,**,,,,,,,,,,,,,,,,,
15,1122,0.32,**,,,,,,,,,,,,,,,,,
16,1267,0.36,**,,,,,,,,,,,,,,,,,
17,1395,0.4,**,,,,,,,,,,,,,,,,,
18,1551,0.44,***,,,,,,,,,,,,,,,,,
19,1780,0.51,***,,,,,,,,,,,,,,,,,
20,1884,0.54,***,,,,,,,,,,,,,,,,,
21,2142,0.61,****,,,,,,,,,,,,,,,,,
22,2228,0.63,****,,,,,,,,,,,,,,,,,
23,2355,0.67,****,,,,,,,,,,,,,,,,,
24,2570,0.73,****,,,,,,,,,,,,,,,,,
25,2609,0.74,****,,,,,,,,,,,,,,,,,
26,2900,0.82,*****,,,,,,,,,,,,,,,,,
27,2902,0.82,*****,,,,,,,,,,,,,,,,,
28,3028,0.86,*****,,,,,,,,,,,,,,,,,
29,3426,0.97,******,,,,,,,,,,,,,,,,,
30,3402,0.97,******,,,,,,,,,,,,,,,,,
31,3607,1.03,******,,,,,,,,,,,,,,,,,
32,3671,1.04,******,,,,,,,,,,,,,,,,,
33,3869,1.1,*******,,,,,,,,,,,,,,,,,
34,3954,1.12,*******,,,,,,,,,,,,,,,,,
35,4072,1.16,*******,,,,,,,,,,,,,,,,,
36,4405,1.25,********,,,,,,,,,,,,,,,,,
37,4332,1.23,*******,,,,,,,,,,,,,,,,,
38,4586,1.3,********,,,,,,,,,,,,,,,,,
39,4814,1.37,********,,,,,,,,,,,,,,,,,
40,4940,1.4,********,,,,,,,,,,,,,,,,,
41,4978,1.42,********,,,,,,,,,,,,,,,,,
42,5180,1.47,*********,,,,,,,,,,,,,,,,,
43,5249,1.49,*********,,,,,,,,,,,,,,,,,
44,5386,1.53,*********,,,,,,,,,,,,,,,,,
45,5347,1.52,*********,,,,,,,,,,,,,,,,,
46,5530,1.57,*********,,,,,,,,,,,,,,,,,
47,5840,1.66,**********,,,,,,,,,,,,,,,,,
48,5958,1.69,**********,,,,,,,,,,,,,,,,,
49,5877,1.67,**********,,,,,,,,,,,,,,,,,
50,6074,1.73,**********,,,,,,,,,,,,,,,,,
51,6225,1.77,***********,,,,,,,,,,,,,,,,,
52,6219,1.77,***********,,,,,,,,,,,,,,,,,
53,6386,1.82,***********,,,,,,,,,,,,,,,,,
54,6564,1.87,***********,,,,,,,,,,,,,,,,,
55,6472,1.84,***********,,,,,,,,,,,,,,,,,
56,6556,1.86,***********,,,,,,,,,,,,,,,,,
57,6640,1.89,***********,,,,,,,,,,,,,,,,,
58,6559,1.86,***********,,,,,,,,,,,,,,,,,
59,6647,1.89,***********,,,,,,,,,,,,,,,,,
60,6772,1.93,************,,,,,,,,,,,,,,,,,
61,6605,1.88,***********,,,,,,,,,,,,,,,,,
62,6923,1.97,************,,,,,,,,,,,,,,,,,
63,6336,1.8,***********,,,,,,,,,,,,,,,,,
64,6479,1.84,***********,,,,,,,,,,,,,,,,,
65,6569,1.87,***********,,,,,,,,,,,,,,,,,
66,6188,1.76,***********,,,,,,,,,,,,,,,,,
67,6188,1.76,***********,,,,,,,,,,,,,,,,,
68,6169,1.75,***********,,,,,,,,,,,,,,,,,
69,5724,1.63,**********,,,,,,,,,,,,,,,,,
70,5710,1.62,**********,,,,,,,,,,,,,,,,,
71,5436,1.55,*********,,,,,,,,,,,,,,,,,
72,5439,1.55,*********,,,,,,,,,,,,,,,,,
73,5224,1.48,*********,,,,,,,,,,,,,,,,,
74,4773,1.36,********,,,,,,,,,,,,,,,,,
75,4952,1.41,********,,,,,,,,,,,,,,,,,
76,4288,1.22,*******,,,,,,,,,,,,,,,,,
77,4462,1.27,********,,,,,,,,,,,,,,,,,
78,4413,1.25,********,,,,,,,,,,,,,,,,,
79,3597,1.02,******,,,,,,,,,,,,,,,,,
80,4169,1.19,*******,,,,,,,,,,,,,,,,,
81,3479,0.99,******,,,,,,,,,,,,,,,,,
82,2882,0.82,*****,,,,,,,,,,,,,,,,,
83,3770,1.07,******,,,,,,,,,,,,,,,,,
84,2504,0.71,****,,,,,,,,,,,,,,,,,
85,2507,0.71,****,,,,,,,,,,,,,,,,,
86,3187,0.91,*****,,,,,,,,,,,,,,,,,
87,1506,0.43,***,,,,,,,,,,,,,,,,,
88,2352,0.67,****,,,,,,,,,,,,,,,,,
89,2593,0.74,****,,,,,,,,,,,,,,,,,
90,760,0.22,*,,,,,,,,,,,,,,,,,
91,2292,0.65,****,,,,,,,,,,,,,,,,,
92,1760,0.5,***,,,,,,,,,,,,,,,,,
93,287,0.08,,,,,,,,,,,,,,,,,,
94,2210,0.63,****,,,,,,,,,,,,,,,,,
95,1003,0.29,**,,,,,,,,,,,,,,,,,
96,79,0.02,,,,,,,,,,,,,,,,,,
97,1991,0.57,***,,,,,,,,,,,,,,,,,
98,499,0.14,*,,,,,,,,,,,,,,,,,
99,1,0,,,,,,,,,,,,,,,,,,
100,1522,0.43,***,,,,,,,,,,,,,,,,,
óﬂòaÇTîNìx â»ñ⁄ï ê¨ê—ï™ïzê}Åiñ{ééå±Åj,óﬂòa5îN2åé2ì˙,,,,,,,,,,,,,,,,,,,
â»ñ⁄ñº,ñûì_,ç≈çÇì_,ç≈í·ì_,ïΩãœì_,ïWèÄïŒç∑,éÛå±é“êî,ìæì_ó¶,ÇTï™ílÇeÇP,ÇTï™ílÇeÇQ,ÇTï™ílÇeÇR,ÇTï™ílÇeÇS,ÇPíiäK,ÇQíiäK,ÇRíiäK,ÇSíiäK,ÇTíiäK,ÇUíiäK,ÇVíiäK,ÇWíiäK,ÇXíiäK
êîäwáT,100,97,0,37.84,19.55,5153,0.3784,18,29,42,56,0Å`8,9Å`13,14Å`20,21Å`29,30Å`41,42Å`54,55Å`63,64Å`72,73Å`100
ì_êî,êlêî,î‰ó¶ÅiÅìÅj,,,,,,,,,,,,,,,,,,
ÇPíiäK,168,3.260236,,,,,,,,,,,,,,,,,,
0,5,0.1,*,,,,,,,,,,,,,,,,,
1,2,0.04,,,,,,,,,,,,,,,,,,
2,4,0.08,,,,,,,,,,,,,,,,,,
3,12,0.23,*,,,,,,,,,,,,,,,,,
4,13,0.25,**,,,,,,,,,,,,,,,,,
5,25,0.49,***,,,,,,,,,,,,,,,,,
6,22,0.43,***,,,,,,,,,,,,,,,,,
7,35,0.68,****,,,,,,,,,,,,,,,,,
8,50,0.97,******,,,,,,,,,,,,,,,,,
ÇQíiäK,329,6.38463,,,,,,,,,,,,,,,,,,
9,43,0.83,*****,,,,,,,,,,,,,,,,,
10,63,1.22,*******,,,,,,,,,,,,,,,,,
11,76,1.47,*********,,,,,,,,,,,,,,,,,
12,73,1.42,********,,,,,,,,,,,,,,,,,
13,74,1.44,*********,,,,,,,,,,,,,,,,,
ÇRíiäK,687,13.332039,,,,,,,,,,,,,,,,,,
14,93,1.8,***********,,,,,,,,,,,,,,,,,
15,100,1.94,************,,,,,,,,,,,,,,,,,
16,85,1.65,**********,,,,,,,,,,,,,,,,,
17,98,1.9,***********,,,,,,,,,,,,,,,,,
18,103,2,************,,,,,,,,,,,,,,,,,
19,112,2.17,*************,,,,,,,,,,,,,,,,,
20,96,1.86,***********,,,,,,,,,,,,,,,,,
ÇSíiäK,871,16.902775,,,,,,,,,,,,,,,,,,
21,129,2.5,***************,,,,,,,,,,,,,,,,,
22,98,1.9,***********,,,,,,,,,,,,,,,,,
23,101,1.96,************,,,,,,,,,,,,,,,,,
24,103,2,************,,,,,,,,,,,,,,,,,
25,96,1.86,***********,,,,,,,,,,,,,,,,,
26,108,2.1,*************,,,,,,,,,,,,,,,,,
27,71,1.38,********,,,,,,,,,,,,,,,,,
28,85,1.65,**********,,,,,,,,,,,,,,,,,
29,80,1.55,*********,,,,,,,,,,,,,,,,,
ÇTíiäK,954,18.513487,,,,,,,,,,,,,,,,,,
30,79,1.53,*********,,,,,,,,,,,,,,,,,
31,107,2.08,************,,,,,,,,,,,,,,,,,
32,90,1.75,**********,,,,,,,,,,,,,,,,,
33,74,1.44,*********,,,,,,,,,,,,,,,,,
34,86,1.67,**********,,,,,,,,,,,,,,,,,
35,64,1.24,*******,,,,,,,,,,,,,,,,,
36,71,1.38,********,,,,,,,,,,,,,,,,,
37,78,1.51,*********,,,,,,,,,,,,,,,,,
38,75,1.46,*********,,,,,,,,,,,,,,,,,
39,76,1.47,*********,,,,,,,,,,,,,,,,,
40,79,1.53,*********,,,,,,,,,,,,,,,,,
41,75,1.46,*********,,,,,,,,,,,,,,,,,
ÇUíiäK,958,18.591111,,,,,,,,,,,,,,,,,,
42,85,1.65,**********,,,,,,,,,,,,,,,,,
43,73,1.42,********,,,,,,,,,,,,,,,,,
44,79,1.53,*********,,,,,,,,,,,,,,,,,
45,82,1.59,**********,,,,,,,,,,,,,,,,,
46,68,1.32,********,,,,,,,,,,,,,,,,,
47,73,1.42,********,,,,,,,,,,,,,,,,,
48,64,1.24,*******,,,,,,,,,,,,,,,,,
49,72,1.4,********,,,,,,,,,,,,,,,,,
50,74,1.44,*********,,,,,,,,,,,,,,,,,
51,77,1.49,*********,,,,,,,,,,,,,,,,,
52,76,1.47,*********,,,,,,,,,,,,,,,,,
53,76,1.47,*********,,,,,,,,,,,,,,,,,
54,59,1.14,*******,,,,,,,,,,,,,,,,,
ÇVíiäK,581,11.274985,,,,,,,,,,,,,,,,,,
55,60,1.16,*******,,,,,,,,,,,,,,,,,
56,74,1.44,*********,,,,,,,,,,,,,,,,,
57,69,1.34,********,,,,,,,,,,,,,,,,,
58,84,1.63,**********,,,,,,,,,,,,,,,,,
59,69,1.34,********,,,,,,,,,,,,,,,,,
60,58,1.13,*******,,,,,,,,,,,,,,,,,
61,62,1.2,*******,,,,,,,,,,,,,,,,,
62,53,1.03,******,,,,,,,,,,,,,,,,,
63,52,1.01,******,,,,,,,,,,,,,,,,,
ÇWíiäK,374,7.257908,,,,,,,,,,,,,,,,,,
64,48,0.93,******,,,,,,,,,,,,,,,,,
65,48,0.93,******,,,,,,,,,,,,,,,,,
66,37,0.72,****,,,,,,,,,,,,,,,,,
67,54,1.05,******,,,,,,,,,,,,,,,,,
68,43,0.83,*****,,,,,,,,,,,,,,,,,
69,39,0.76,*****,,,,,,,,,,,,,,,,,
70,39,0.76,*****,,,,,,,,,,,,,,,,,
71,29,0.56,***,,,,,,,,,,,,,,,,,
72,37,0.72,****,,,,,,,,,,,,,,,,,
ÇXíiäK,231,4.482825,,,,,,,,,,,,,,,,,,
73,27,0.52,***,,,,,,,,,,,,,,,,,
74,21,0.41,**,,,,,,,,,,,,,,,,,
75,23,0.45,***,,,,,,,,,,,,,,,,,
76,25,0.49,***,,,,,,,,,,,,,,,,,
77,23,0.45,***,,,,,,,,,,,,,,,,,
78,19,0.37,**,,,,,,,,,,,,,,,,,
79,18,0.35,**,,,,,,,,,,,,,,,,,
80,10,0.19,*,,,,,,,,,,,,,,,,,
81,10,0.19,*,,,,,,,,,,,,,,,,,
82,8,0.16,*,,,,,,,,,,,,,,,,,
83,13,0.25,**,,,,,,,,,,,,,,,,,
84,7,0.14,*,,,,,,,,,,,,,,,,,
85,8,0.16,*,,,,,,,,,,,,,,,,,
86,5,0.1,*,,,,,,,,,,,,,,,,,
87,3,0.06,,,,,,,,,,,,,,,,,,
88,4,0.08,,,,,,,,,,,,,,,,,,
89,1,0.02,,,,,,,,,,,,,,,,,,
90,1,0.02,,,,,,,,,,,,,,,,,,
91,2,0.04,,,,,,,,,,,,,,,,,,
92,1,0.02,,,,,,,,,,,,,,,,,,
93,0,0,,,,,,,,,,,,,,,,,,
94,0,0,,,,,,,,,,,,,,,,,,
95,1,0.02,,,,,,,,,,,,,,,,,,
96,0,0,,,,,,,,,,,,,,,,,,
97,1,0.02,,,,,,,,,,,,,,,,,,
98,0,0,,,,,,,,,,,,,,,,,,
99,0,0,,,,,,,,,,,,,,,,,,
100,0,0,,,,,,,,,,,,,,,,,,
óﬂòaÇTîNìx â»ñ⁄ï ê¨ê—ï™ïzê}Åiñ{ééå±Åj,óﬂòa5îN2åé2ì˙,,,,,,,,,,,,,,,,,,,
â»ñ⁄ñº,ñûì_,ç≈çÇì_,ç≈í·ì_,ïΩãœì_,ïWèÄïŒç∑,éÛå±é“êî,ìæì_ó¶,ÇTï™ílÇeÇP,ÇTï™ílÇeÇQ,ÇTï™ílÇeÇR,ÇTï™ílÇeÇS,ÇPíiäK,ÇQíiäK,ÇRíiäK,ÇSíiäK,ÇTíiäK,ÇUíiäK,ÇVíiäK,ÇWíiäK,ÇXíiäK
êîäwáTÅEêîäwÇ`,100,100,0,55.65,19.62,346628,0.5565,37,50,61,73,0Å`20,21Å`29,30Å`39,40Å`50,51Å`61,62Å`70,71Å`79,80Å`88,89Å`100
ì_êî,êlêî,î‰ó¶ÅiÅìÅj,,,,,,,,,,,,,,,,,,
ÇPíiäK,13498,3.894088,,,,,,,,,,,,,,,,,,
0,77,0.02,,,,,,,,,,,,,,,,,,
1,11,0,,,,,,,,,,,,,,,,,,
2,68,0.02,,,,,,,,,,,,,,,,,,
3,157,0.05,,,,,,,,,,,,,,,,,,
4,48,0.01,,,,,,,,,,,,,,,,,,
5,149,0.04,,,,,,,,,,,,,,,,,,
6,253,0.07,,,,,,,,,,,,,,,,,,
7,199,0.06,,,,,,,,,,,,,,,,,,
8,377,0.11,*,,,,,,,,,,,,,,,,,
9,363,0.1,*,,,,,,,,,,,,,,,,,
10,460,0.13,*,,,,,,,,,,,,,,,,,
11,589,0.17,*,,,,,,,,,,,,,,,,,
12,616,0.18,*,,,,,,,,,,,,,,,,,
13,762,0.22,*,,,,,,,,,,,,,,,,,
14,964,0.28,**,,,,,,,,,,,,,,,,,
15,1022,0.29,**,,,,,,,,,,,,,,,,,
16,1182,0.34,**,,,,,,,,,,,,,,,,,
17,1297,0.37,**,,,,,,,,,,,,,,,,,
18,1448,0.42,***,,,,,,,,,,,,,,,,,
19,1668,0.48,***,,,,,,,,,,,,,,,,,
20,1788,0.52,***,,,,,,,,,,,,,,,,,
ÇQíiäK,23289,6.71873,,,,,,,,,,,,,,,,,,
21,2013,0.58,***,,,,,,,,,,,,,,,,,
22,2130,0.61,****,,,,,,,,,,,,,,,,,
23,2254,0.65,****,,,,,,,,,,,,,,,,,
24,2467,0.71,****,,,,,,,,,,,,,,,,,
25,2513,0.72,****,,,,,,,,,,,,,,,,,
26,2792,0.81,*****,,,,,,,,,,,,,,,,,
27,2831,0.82,*****,,,,,,,,,,,,,,,,,
28,2943,0.85,*****,,,,,,,,,,,,,,,,,
29,3346,0.97,******,,,,,,,,,,,,,,,,,
ÇRíiäK,39912,11.514361,,,,,,,,,,,,,,,,,,
30,3323,0.96,******,,,,,,,,,,,,,,,,,
31,3500,1.01,******,,,,,,,,,,,,,,,,,
32,3581,1.03,******,,,,,,,,,,,,,,,,,
33,3795,1.09,*******,,,,,,,,,,,,,,,,,
34,3868,1.12,*******,,,,,,,,,,,,,,,,,
35,4008,1.16,*******,,,,,,,,,,,,,,,,,
36,4334,1.25,********,,,,,,,,,,,,,,,,,
37,4254,1.23,*******,,,,,,,,,,,,,,,,,
38,4511,1.3,********,,,,,,,,,,,,,,,,,
39,4738,1.37,********,,,,,,,,,,,,,,,,,
ÇSíiäK,59535,17.175473,,,,,,,,,,,,,,,,,,
40,4861,1.4,********,,,,,,,,,,,,,,,,,
41,4903,1.41,********,,,,,,,,,,,,,,,,,
42,5095,1.47,*********,,,,,,,,,,,,,,,,,
43,5176,1.49,*********,,,,,,,,,,,,,,,,,
44,5307,1.53,*********,,,,,,,,,,,,,,,,,
45,5265,1.52,*********,,,,,,,,,,,,,,,,,
46,5462,1.58,*********,,,,,,,,,,,,,,,,,
47,5767,1.66,**********,,,,,,,,,,,,,,,,,
48,5894,1.7,**********,,,,,,,,,,,,,,,,,
49,5805,1.67,**********,,,,,,,,,,,,,,,,,
50,6000,1.73,**********,,,,,,,,,,,,,,,,,
ÇTíiäK,70881,20.448723,,,,,,,,,,,,,,,,,,
51,6148,1.77,***********,,,,,,,,,,,,,,,,,
52,6143,1.77,***********,,,,,,,,,,,,,,,,,
53,6310,1.82,***********,,,,,,,,,,,,,,,,,
54,6505,1.88,***********,,,,,,,,,,,,,,,,,
55,6412,1.85,***********,,,,,,,,,,,,,,,,,
56,6482,1.87,***********,,,,,,,,,,,,,,,,,
57,6571,1.9,***********,,,,,,,,,,,,,,,,,
58,6475,1.87,***********,,,,,,,,,,,,,,,,,
59,6578,1.9,***********,,,,,,,,,,,,,,,,,
60,6714,1.94,************,,,,,,,,,,,,,,,,,
61,6543,1.89,***********,,,,,,,,,,,,,,,,,
ÇUíiäK,55873,16.119009,,,,,,,,,,,,,,,,,,
62,6870,1.98,************,,,,,,,,,,,,,,,,,
63,6284,1.81,***********,,,,,,,,,,,,,,,,,
64,6431,1.86,***********,,,,,,,,,,,,,,,,,
65,6521,1.88,***********,,,,,,,,,,,,,,,,,
66,6151,1.77,***********,,,,,,,,,,,,,,,,,
67,6134,1.77,***********,,,,,,,,,,,,,,,,,
68,6126,1.77,***********,,,,,,,,,,,,,,,,,
69,5685,1.64,**********,,,,,,,,,,,,,,,,,
70,5671,1.64,**********,,,,,,,,,,,,,,,,,
ÇVíiäK,42362,12.22117,,,,,,,,,,,,,,,,,,
71,5407,1.56,*********,,,,,,,,,,,,,,,,,
72,5402,1.56,*********,,,,,,,,,,,,,,,,,
73,5197,1.5,*********,,,,,,,,,,,,,,,,,
74,4752,1.37,********,,,,,,,,,,,,,,,,,
75,4929,1.42,*********,,,,,,,,,,,,,,,,,
76,4263,1.23,*******,,,,,,,,,,,,,,,,,
77,4439,1.28,********,,,,,,,,,,,,,,,,,
78,4394,1.27,********,,,,,,,,,,,,,,,,,
79,3579,1.03,******,,,,,,,,,,,,,,,,,
ÇWíiäK,26288,7.583922,,,,,,,,,,,,,,,,,,
80,4159,1.2,*******,,,,,,,,,,,,,,,,,
81,3469,1,******,,,,,,,,,,,,,,,,,
82,2874,0.83,*****,,,,,,,,,,,,,,,,,
83,3757,1.08,*******,,,,,,,,,,,,,,,,,
84,2497,0.72,****,,,,,,,,,,,,,,,,,
85,2499,0.72,****,,,,,,,,,,,,,,,,,
86,3182,0.92,******,,,,,,,,,,,,,,,,,
87,1503,0.43,***,,,,,,,,,,,,,,,,,
88,2348,0.68,****,,,,,,,,,,,,,,,,,
ÇXíiäK,14990,4.32452,,,,,,,,,,,,,,,,,,
89,2592,0.75,****,,,,,,,,,,,,,,,,,
90,759,0.22,*,,,,,,,,,,,,,,,,,
91,2290,0.66,****,,,,,,,,,,,,,,,,,
92,1759,0.51,***,,,,,,,,,,,,,,,,,
93,287,0.08,,,,,,,,,,,,,,,,,,
94,2210,0.64,****,,,,,,,,,,,,,,,,,
95,1002,0.29,**,,,,,,,,,,,,,,,,,
96,79,0.02,,,,,,,,,,,,,,,,,,
97,1990,0.57,***,,,,,,,,,,,,,,,,,
98,499,0.14,*,,,,,,,,,,,,,,,,,
99,1,0,,,,,,,,,,,,,,,,,,
100,1522,0.44,***,,,,,,,,,,,,,,,,,
óﬂòaÇTîNìx ã≥â»ï ê¨ê—ï™ïzê}Åiñ{ééå±Åj,óﬂòa5îN2åé2ì˙,,,,,,,,,,,,,,,,,,,
ã≥â»ñº,ñûì_,ç≈çÇì_,ç≈í·ì_,ïΩãœì_,ïWèÄïŒç∑,éÛå±é“êî,ìæì_ó¶,ÇTï™ílÇeÇP,ÇTï™ílÇeÇQ,ÇTï™ílÇeÇR,ÇTï™ílÇeÇS,,,,,,,,,
êîäwáA,100,100,0,61.08,20.34,323398,0.6108,43,56,67,79,,,,,,,,,
ì_êî,êlêî,î‰ó¶ÅiÅìÅj,,,,,,,,,,,,,,,,,,
0,81,0.03,,,,,,,,,,,,,,,,,,
1,39,0.01,,,,,,,,,,,,,,,,,,
2,60,0.02,,,,,,,,,,,,,,,,,,
3,64,0.02,,,,,,,,,,,,,,,,,,
4,115,0.04,,,,,,,,,,,,,,,,,,
5,145,0.04,,,,,,,,,,,,,,,,,,
6,183,0.06,,,,,,,,,,,,,,,,,,
7,261,0.08,,,,,,,,,,,,,,,,,,
8,319,0.1,*,,,,,,,,,,,,,,,,,
9,362,0.11,*,,,,,,,,,,,,,,,,,
10,445,0.14,*,,,,,,,,,,,,,,,,,
11,542,0.17,*,,,,,,,,,,,,,,,,,
12,605,0.19,*,,,,,,,,,,,,,,,,,
13,679,0.21,*,,,,,,,,,,,,,,,,,
14,836,0.26,**,,,,,,,,,,,,,,,,,
15,854,0.26,**,,,,,,,,,,,,,,,,,
16,956,0.3,**,,,,,,,,,,,,,,,,,
17,962,0.3,**,,,,,,,,,,,,,,,,,
18,1047,0.32,**,,,,,,,,,,,,,,,,,
19,1064,0.33,**,,,,,,,,,,,,,,,,,
20,1189,0.37,**,,,,,,,,,,,,,,,,,
21,1170,0.36,**,,,,,,,,,,,,,,,,,
22,1239,0.38,**,,,,,,,,,,,,,,,,,
23,1334,0.41,**,,,,,,,,,,,,,,,,,
24,1445,0.45,***,,,,,,,,,,,,,,,,,
25,1473,0.46,***,,,,,,,,,,,,,,,,,
26,1588,0.49,***,,,,,,,,,,,,,,,,,
27,1669,0.52,***,,,,,,,,,,,,,,,,,
28,1773,0.55,***,,,,,,,,,,,,,,,,,
29,1802,0.56,***,,,,,,,,,,,,,,,,,
30,1924,0.59,****,,,,,,,,,,,,,,,,,
31,1950,0.6,****,,,,,,,,,,,,,,,,,
32,2191,0.68,****,,,,,,,,,,,,,,,,,
33,2305,0.71,****,,,,,,,,,,,,,,,,,
34,2359,0.73,****,,,,,,,,,,,,,,,,,
35,2437,0.75,*****,,,,,,,,,,,,,,,,,
36,2715,0.84,*****,,,,,,,,,,,,,,,,,
37,2757,0.85,*****,,,,,,,,,,,,,,,,,
38,3030,0.94,******,,,,,,,,,,,,,,,,,
39,3169,0.98,******,,,,,,,,,,,,,,,,,
40,3438,1.06,******,,,,,,,,,,,,,,,,,
41,3486,1.08,******,,,,,,,,,,,,,,,,,
42,3703,1.15,*******,,,,,,,,,,,,,,,,,
43,3791,1.17,*******,,,,,,,,,,,,,,,,,
44,4096,1.27,********,,,,,,,,,,,,,,,,,
45,4252,1.31,********,,,,,,,,,,,,,,,,,
46,4334,1.34,********,,,,,,,,,,,,,,,,,
47,4567,1.41,********,,,,,,,,,,,,,,,,,
48,4824,1.49,*********,,,,,,,,,,,,,,,,,
49,4986,1.54,*********,,,,,,,,,,,,,,,,,
50,5188,1.6,**********,,,,,,,,,,,,,,,,,
51,5285,1.63,**********,,,,,,,,,,,,,,,,,
52,5381,1.66,**********,,,,,,,,,,,,,,,,,
53,5683,1.76,***********,,,,,,,,,,,,,,,,,
54,5608,1.73,**********,,,,,,,,,,,,,,,,,
55,5641,1.74,**********,,,,,,,,,,,,,,,,,
56,6038,1.87,***********,,,,,,,,,,,,,,,,,
57,5912,1.83,***********,,,,,,,,,,,,,,,,,
58,5848,1.81,***********,,,,,,,,,,,,,,,,,
59,5935,1.84,***********,,,,,,,,,,,,,,,,,
60,5982,1.85,***********,,,,,,,,,,,,,,,,,
61,6146,1.9,***********,,,,,,,,,,,,,,,,,
62,6035,1.87,***********,,,,,,,,,,,,,,,,,
63,5929,1.83,***********,,,,,,,,,,,,,,,,,
64,6042,1.87,***********,,,,,,,,,,,,,,,,,
65,5887,1.82,***********,,,,,,,,,,,,,,,,,
66,5825,1.8,***********,,,,,,,,,,,,,,,,,
67,5839,1.81,***********,,,,,,,,,,,,,,,,,
68,5652,1.75,**********,,,,,,,,,,,,,,,,,
69,5769,1.78,***********,,,,,,,,,,,,,,,,,
70,5584,1.73,**********,,,,,,,,,,,,,,,,,
71,5422,1.68,**********,,,,,,,,,,,,,,,,,
72,5481,1.69,**********,,,,,,,,,,,,,,,,,
73,5262,1.63,**********,,,,,,,,,,,,,,,,,
74,5110,1.58,*********,,,,,,,,,,,,,,,,,
75,4984,1.54,*********,,,,,,,,,,,,,,,,,
76,4907,1.52,*********,,,,,,,,,,,,,,,,,
77,4868,1.51,*********,,,,,,,,,,,,,,,,,
78,4785,1.48,*********,,,,,,,,,,,,,,,,,
79,4568,1.41,********,,,,,,,,,,,,,,,,,
80,4511,1.39,********,,,,,,,,,,,,,,,,,
81,4452,1.38,********,,,,,,,,,,,,,,,,,
82,4251,1.31,********,,,,,,,,,,,,,,,,,
83,4276,1.32,********,,,,,,,,,,,,,,,,,
84,4091,1.27,********,,,,,,,,,,,,,,,,,
85,4057,1.25,********,,,,,,,,,,,,,,,,,
86,3788,1.17,*******,,,,,,,,,,,,,,,,,
87,3489,1.08,******,,,,,,,,,,,,,,,,,
88,3593,1.11,*******,,,,,,,,,,,,,,,,,
89,3164,0.98,******,,,,,,,,,,,,,,,,,
90,3381,1.05,******,,,,,,,,,,,,,,,,,
91,2885,0.89,*****,,,,,,,,,,,,,,,,,
92,2973,0.92,******,,,,,,,,,,,,,,,,,
93,2452,0.76,*****,,,,,,,,,,,,,,,,,
94,3105,0.96,******,,,,,,,,,,,,,,,,,
95,2081,0.64,****,,,,,,,,,,,,,,,,,
96,2714,0.84,*****,,,,,,,,,,,,,,,,,
97,2153,0.67,****,,,,,,,,,,,,,,,,,
98,1348,0.42,***,,,,,,,,,,,,,,,,,
99,1816,0.56,***,,,,,,,,,,,,,,,,,
100,1607,0.5,***,,,,,,,,,,,,,,,,,
óﬂòaÇTîNìx â»ñ⁄ï ê¨ê—ï™ïzê}Åiñ{ééå±Åj,óﬂòa5îN2åé2ì˙,,,,,,,,,,,,,,,,,,,
â»ñ⁄ñº,ñûì_,ç≈çÇì_,ç≈í·ì_,ïΩãœì_,ïWèÄïŒç∑,éÛå±é“êî,ìæì_ó¶,ÇTï™ílÇeÇP,ÇTï™ílÇeÇQ,ÇTï™ílÇeÇR,ÇTï™ílÇeÇS,ÇPíiäK,ÇQíiäK,ÇRíiäK,ÇSíiäK,ÇTíiäK,ÇUíiäK,ÇVíiäK,ÇWíiäK,ÇXíiäK
êîäwáU,100,89,0,37.65,16.11,4845,0.3765,22,33,42,51,0Å`10,11Å`15,16Å`23,24Å`33,34Å`42,43Å`49,50Å`56,57Å`64,65Å`100
ì_êî,êlêî,î‰ó¶ÅiÅìÅj,,,,,,,,,,,,,,,,,,
ÇPíiäK,191,3.942208,,,,,,,,,,,,,,,,,,
0,6,0.12,*,,,,,,,,,,,,,,,,,
1,2,0.04,,,,,,,,,,,,,,,,,,
2,6,0.12,*,,,,,,,,,,,,,,,,,
3,9,0.19,*,,,,,,,,,,,,,,,,,
4,11,0.23,*,,,,,,,,,,,,,,,,,
5,18,0.37,**,,,,,,,,,,,,,,,,,
6,25,0.52,***,,,,,,,,,,,,,,,,,
7,16,0.33,**,,,,,,,,,,,,,,,,,
8,29,0.6,****,,,,,,,,,,,,,,,,,
9,24,0.5,***,,,,,,,,,,,,,,,,,
10,45,0.93,******,,,,,,,,,,,,,,,,,
ÇQíiäK,286,5.902992,,,,,,,,,,,,,,,,,,
11,51,1.05,******,,,,,,,,,,,,,,,,,
12,51,1.05,******,,,,,,,,,,,,,,,,,
13,60,1.24,*******,,,,,,,,,,,,,,,,,
14,59,1.22,*******,,,,,,,,,,,,,,,,,
15,65,1.34,********,,,,,,,,,,,,,,,,,
ÇRíiäK,595,12.280701,,,,,,,,,,,,,,,,,,
16,87,1.8,***********,,,,,,,,,,,,,,,,,
17,70,1.44,*********,,,,,,,,,,,,,,,,,
18,81,1.67,**********,,,,,,,,,,,,,,,,,
19,76,1.57,*********,,,,,,,,,,,,,,,,,
20,55,1.14,*******,,,,,,,,,,,,,,,,,
21,63,1.3,********,,,,,,,,,,,,,,,,,
22,78,1.61,**********,,,,,,,,,,,,,,,,,
23,85,1.75,***********,,,,,,,,,,,,,,,,,
ÇSíiäK,864,17.832817,,,,,,,,,,,,,,,,,,
24,71,1.47,*********,,,,,,,,,,,,,,,,,
25,89,1.84,***********,,,,,,,,,,,,,,,,,
26,82,1.69,**********,,,,,,,,,,,,,,,,,
27,93,1.92,************,,,,,,,,,,,,,,,,,
28,78,1.61,**********,,,,,,,,,,,,,,,,,
29,87,1.8,***********,,,,,,,,,,,,,,,,,
30,86,1.78,***********,,,,,,,,,,,,,,,,,
31,100,2.06,************,,,,,,,,,,,,,,,,,
32,96,1.98,************,,,,,,,,,,,,,,,,,
33,82,1.69,**********,,,,,,,,,,,,,,,,,
ÇTíiäK,916,18.906088,,,,,,,,,,,,,,,,,,
34,104,2.15,*************,,,,,,,,,,,,,,,,,
35,98,2.02,************,,,,,,,,,,,,,,,,,
36,101,2.08,*************,,,,,,,,,,,,,,,,,
37,87,1.8,***********,,,,,,,,,,,,,,,,,
38,97,2,************,,,,,,,,,,,,,,,,,
39,102,2.11,*************,,,,,,,,,,,,,,,,,
40,110,2.27,**************,,,,,,,,,,,,,,,,,
41,112,2.31,**************,,,,,,,,,,,,,,,,,
42,105,2.17,*************,,,,,,,,,,,,,,,,,
ÇUíiäK,756,15.603715,,,,,,,,,,,,,,,,,,
43,125,2.58,***************,,,,,,,,,,,,,,,,,
44,119,2.46,***************,,,,,,,,,,,,,,,,,
45,100,2.06,************,,,,,,,,,,,,,,,,,
46,99,2.04,************,,,,,,,,,,,,,,,,,
47,102,2.11,*************,,,,,,,,,,,,,,,,,
48,93,1.92,************,,,,,,,,,,,,,,,,,
49,118,2.44,***************,,,,,,,,,,,,,,,,,
ÇVíiäK,681,14.055727,,,,,,,,,,,,,,,,,,
50,124,2.56,***************,,,,,,,,,,,,,,,,,
51,123,2.54,***************,,,,,,,,,,,,,,,,,
52,100,2.06,************,,,,,,,,,,,,,,,,,
53,80,1.65,**********,,,,,,,,,,,,,,,,,
54,97,2,************,,,,,,,,,,,,,,,,,
55,82,1.69,**********,,,,,,,,,,,,,,,,,
56,75,1.55,*********,,,,,,,,,,,,,,,,,
ÇWíiäK,350,7.223942,,,,,,,,,,,,,,,,,,
57,67,1.38,********,,,,,,,,,,,,,,,,,
58,56,1.16,*******,,,,,,,,,,,,,,,,,
59,49,1.01,******,,,,,,,,,,,,,,,,,
60,49,1.01,******,,,,,,,,,,,,,,,,,
61,41,0.85,*****,,,,,,,,,,,,,,,,,
62,31,0.64,****,,,,,,,,,,,,,,,,,
63,34,0.7,****,,,,,,,,,,,,,,,,,
64,23,0.47,***,,,,,,,,,,,,,,,,,
ÇXíiäK,206,4.251805,,,,,,,,,,,,,,,,,,
65,30,0.62,****,,,,,,,,,,,,,,,,,
66,19,0.39,**,,,,,,,,,,,,,,,,,
67,27,0.56,***,,,,,,,,,,,,,,,,,
68,12,0.25,*,,,,,,,,,,,,,,,,,
69,15,0.31,**,,,,,,,,,,,,,,,,,
70,13,0.27,**,,,,,,,,,,,,,,,,,
71,8,0.17,*,,,,,,,,,,,,,,,,,
72,15,0.31,**,,,,,,,,,,,,,,,,,
73,14,0.29,**,,,,,,,,,,,,,,,,,
74,12,0.25,*,,,,,,,,,,,,,,,,,
75,8,0.17,*,,,,,,,,,,,,,,,,,
76,4,0.08,,,,,,,,,,,,,,,,,,
77,4,0.08,,,,,,,,,,,,,,,,,,
78,2,0.04,,,,,,,,,,,,,,,,,,
79,5,0.1,*,,,,,,,,,,,,,,,,,
80,2,0.04,,,,,,,,,,,,,,,,,,
81,4,0.08,,,,,,,,,,,,,,,,,,
82,0,0,,,,,,,,,,,,,,,,,,
83,1,0.02,,,,,,,,,,,,,,,,,,
84,2,0.04,,,,,,,,,,,,,,,,,,
85,3,0.06,,,,,,,,,,,,,,,,,,
86,0,0,,,,,,,,,,,,,,,,,,
87,2,0.04,,,,,,,,,,,,,,,,,,
88,1,0.02,,,,,,,,,,,,,,,,,,
89,3,0.06,,,,,,,,,,,,,,,,,,
90,0,0,,,,,,,,,,,,,,,,,,
91,0,0,,,,,,,,,,,,,,,,,,
92,0,0,,,,,,,,,,,,,,,,,,
93,0,0,,,,,,,,,,,,,,,,,,
94,0,0,,,,,,,,,,,,,,,,,,
95,0,0,,,,,,,,,,,,,,,,,,
96,0,0,,,,,,,,,,,,,,,,,,
97,0,0,,,,,,,,,,,,,,,,,,
98,0,0,,,,,,,,,,,,,,,,,,
99,0,0,,,,,,,,,,,,,,,,,,
100,0,0,,,,,,,,,,,,,,,,,,
óﬂòaÇTîNìx â»ñ⁄ï ê¨ê—ï™ïzê}Åiñ{ééå±Åj,óﬂòa5îN2åé2ì˙,,,,,,,,,,,,,,,,,,,
â»ñ⁄ñº,ñûì_,ç≈çÇì_,ç≈í·ì_,ïΩãœì_,ïWèÄïŒç∑,éÛå±é“êî,ìæì_ó¶,ÇTï™ílÇeÇP,ÇTï™ílÇeÇQ,ÇTï™ílÇeÇR,ÇTï™ílÇeÇS,ÇPíiäK,ÇQíiäK,ÇRíiäK,ÇSíiäK,ÇTíiäK,ÇUíiäK,ÇVíiäK,ÇWíiäK,ÇXíiäK
êîäwáUÅEêîäwÇa,100,100,0,61.48,20.18,316728,0.6148,44,56,67,80,0Å`22,23Å`34,35Å`46,47Å`56,57Å`67,68Å`77,78Å`86,87Å`93,94Å`100
ì_êî,êlêî,î‰ó¶ÅiÅìÅj,,,,,,,,,,,,,,,,,,
ÇPíiäK,12105,3.821891,,,,,,,,,,,,,,,,,,
0,67,0.02,,,,,,,,,,,,,,,,,,
1,37,0.01,,,,,,,,,,,,,,,,,,
2,54,0.02,,,,,,,,,,,,,,,,,,
3,55,0.02,,,,,,,,,,,,,,,,,,
4,104,0.03,,,,,,,,,,,,,,,,,,
5,127,0.04,,,,,,,,,,,,,,,,,,
6,154,0.05,,,,,,,,,,,,,,,,,,
7,245,0.08,,,,,,,,,,,,,,,,,,
8,289,0.09,*,,,,,,,,,,,,,,,,,
9,338,0.11,*,,,,,,,,,,,,,,,,,
10,395,0.12,*,,,,,,,,,,,,,,,,,
11,491,0.16,*,,,,,,,,,,,,,,,,,
12,547,0.17,*,,,,,,,,,,,,,,,,,
13,619,0.2,*,,,,,,,,,,,,,,,,,
14,768,0.24,*,,,,,,,,,,,,,,,,,
15,789,0.25,*,,,,,,,,,,,,,,,,,
16,857,0.27,**,,,,,,,,,,,,,,,,,
17,892,0.28,**,,,,,,,,,,,,,,,,,
18,947,0.3,**,,,,,,,,,,,,,,,,,
19,988,0.31,**,,,,,,,,,,,,,,,,,
20,1102,0.35,**,,,,,,,,,,,,,,,,,
21,1106,0.35,**,,,,,,,,,,,,,,,,,
22,1134,0.36,**,,,,,,,,,,,,,,,,,
ÇQíiäK,20508,6.474956,,,,,,,,,,,,,,,,,,
23,1249,0.39,**,,,,,,,,,,,,,,,,,
24,1350,0.43,***,,,,,,,,,,,,,,,,,
25,1384,0.44,***,,,,,,,,,,,,,,,,,
26,1480,0.47,***,,,,,,,,,,,,,,,,,
27,1575,0.5,***,,,,,,,,,,,,,,,,,
28,1650,0.52,***,,,,,,,,,,,,,,,,,
29,1715,0.54,***,,,,,,,,,,,,,,,,,
30,1784,0.56,***,,,,,,,,,,,,,,,,,
31,1849,0.58,****,,,,,,,,,,,,,,,,,
32,2040,0.64,****,,,,,,,,,,,,,,,,,
33,2221,0.7,****,,,,,,,,,,,,,,,,,
34,2211,0.7,****,,,,,,,,,,,,,,,,,
ÇRíiäK,39560,12.490212,,,,,,,,,,,,,,,,,,
35,2335,0.74,****,,,,,,,,,,,,,,,,,
36,2559,0.81,*****,,,,,,,,,,,,,,,,,
37,2666,0.84,*****,,,,,,,,,,,,,,,,,
38,2879,0.91,*****,,,,,,,,,,,,,,,,,
39,3061,0.97,******,,,,,,,,,,,,,,,,,
40,3269,1.03,******,,,,,,,,,,,,,,,,,
41,3370,1.06,******,,,,,,,,,,,,,,,,,
42,3539,1.12,*******,,,,,,,,,,,,,,,,,
43,3660,1.16,*******,,,,,,,,,,,,,,,,,
44,3918,1.24,*******,,,,,,,,,,,,,,,,,
45,4143,1.31,********,,,,,,,,,,,,,,,,,
46,4161,1.31,********,,,,,,,,,,,,,,,,,
ÇSíiäK,51899,16.385984,,,,,,,,,,,,,,,,,,
47,4453,1.41,********,,,,,,,,,,,,,,,,,
48,4686,1.48,*********,,,,,,,,,,,,,,,,,
49,4854,1.53,*********,,,,,,,,,,,,,,,,,
50,4995,1.58,*********,,,,,,,,,,,,,,,,,
51,5151,1.63,**********,,,,,,,,,,,,,,,,,
52,5239,1.65,**********,,,,,,,,,,,,,,,,,
53,5590,1.76,***********,,,,,,,,,,,,,,,,,
54,5469,1.73,**********,,,,,,,,,,,,,,,,,
55,5553,1.75,***********,,,,,,,,,,,,,,,,,
56,5909,1.87,***********,,,,,,,,,,,,,,,,,
ÇTíiäK,64657,20.414046,,,,,,,,,,,,,,,,,,
57,5836,1.84,***********,,,,,,,,,,,,,,,,,
58,5745,1.81,***********,,,,,,,,,,,,,,,,,
59,5872,1.85,***********,,,,,,,,,,,,,,,,,
60,5887,1.86,***********,,,,,,,,,,,,,,,,,
61,6097,1.92,************,,,,,,,,,,,,,,,,,
62,5950,1.88,***********,,,,,,,,,,,,,,,,,
63,5883,1.86,***********,,,,,,,,,,,,,,,,,
64,5972,1.89,***********,,,,,,,,,,,,,,,,,
65,5850,1.85,***********,,,,,,,,,,,,,,,,,
66,5760,1.82,***********,,,,,,,,,,,,,,,,,
67,5805,1.83,***********,,,,,,,,,,,,,,,,,
ÇUíiäK,52761,16.658142,,,,,,,,,,,,,,,,,,
68,5611,1.77,***********,,,,,,,,,,,,,,,,,
69,5748,1.81,***********,,,,,,,,,,,,,,,,,
70,5551,1.75,***********,,,,,,,,,,,,,,,,,
71,5406,1.71,**********,,,,,,,,,,,,,,,,,
72,5428,1.71,**********,,,,,,,,,,,,,,,,,
73,5246,1.66,**********,,,,,,,,,,,,,,,,,
74,5069,1.6,**********,,,,,,,,,,,,,,,,,
75,4971,1.57,*********,,,,,,,,,,,,,,,,,
76,4873,1.54,*********,,,,,,,,,,,,,,,,,
77,4858,1.53,*********,,,,,,,,,,,,,,,,,
ÇVíiäK,38601,12.187428,,,,,,,,,,,,,,,,,,
78,4747,1.5,*********,,,,,,,,,,,,,,,,,
79,4558,1.44,*********,,,,,,,,,,,,,,,,,
80,4476,1.41,********,,,,,,,,,,,,,,,,,
81,4443,1.4,********,,,,,,,,,,,,,,,,,
82,4222,1.33,********,,,,,,,,,,,,,,,,,
83,4272,1.35,********,,,,,,,,,,,,,,,,,
84,4069,1.28,********,,,,,,,,,,,,,,,,,
85,4051,1.28,********,,,,,,,,,,,,,,,,,
86,3763,1.19,*******,,,,,,,,,,,,,,,,,
ÇWíiäK,21849,6.898348,,,,,,,,,,,,,,,,,,
87,3482,1.1,*******,,,,,,,,,,,,,,,,,
88,3568,1.13,*******,,,,,,,,,,,,,,,,,
89,3159,1,******,,,,,,,,,,,,,,,,,
90,3361,1.06,******,,,,,,,,,,,,,,,,,
91,2883,0.91,*****,,,,,,,,,,,,,,,,,
92,2946,0.93,******,,,,,,,,,,,,,,,,,
93,2450,0.77,*****,,,,,,,,,,,,,,,,,
ÇXíiäK,14788,4.66899,,,,,,,,,,,,,,,,,,
94,3089,0.98,******,,,,,,,,,,,,,,,,,
95,2079,0.66,****,,,,,,,,,,,,,,,,,
96,2707,0.85,*****,,,,,,,,,,,,,,,,,
97,2153,0.68,****,,,,,,,,,,,,,,,,,
98,1339,0.42,***,,,,,,,,,,,,,,,,,
99,1816,0.57,***,,,,,,,,,,,,,,,,,
100,1605,0.51,***,,,,,,,,,,,,,,,,,
óﬂòaÇTîNìx â»ñ⁄ï ê¨ê—ï™ïzê}Åiñ{ééå±Åj,óﬂòa5îN2åé2ì˙,,,,,,,,,,,,,,,,,,,
â»ñ⁄ñº,ñûì_,ç≈çÇì_,ç≈í·ì_,ïΩãœì_,ïWèÄïŒç∑,éÛå±é“êî,ìæì_ó¶,ÇTï™ílÇeÇP,ÇTï™ílÇeÇQ,ÇTï™ílÇeÇR,ÇTï™ílÇeÇS,ÇPíiäK,ÇQíiäK,ÇRíiäK,ÇSíiäK,ÇTíiäK,ÇUíiäK,ÇVíiäK,ÇWíiäK,ÇXíiäK
ïÎãLÅEâÔåv,100,100,0,50.8,20.52,1408,0.508,32,43,54,69,0Å`19,20Å`25,26Å`33,34Å`43,44Å`53,54Å`65,66Å`79,80Å`89,90Å`100
ì_êî,êlêî,î‰ó¶ÅiÅìÅj,,,,,,,,,,,,,,,,,,
ÇPíiäK,55,3.90625,,,,,,,,,,,,,,,,,,
0,1,0.07,,,,,,,,,,,,,,,,,,
1,0,0,,,,,,,,,,,,,,,,,,
2,0,0,,,,,,,,,,,,,,,,,,
3,0,0,,,,,,,,,,,,,,,,,,
4,0,0,,,,,,,,,,,,,,,,,,
5,0,0,,,,,,,,,,,,,,,,,,
6,3,0.21,*,,,,,,,,,,,,,,,,,
7,0,0,,,,,,,,,,,,,,,,,,
8,1,0.07,,,,,,,,,,,,,,,,,,
9,0,0,,,,,,,,,,,,,,,,,,
10,5,0.36,**,,,,,,,,,,,,,,,,,
11,0,0,,,,,,,,,,,,,,,,,,
12,6,0.43,***,,,,,,,,,,,,,,,,,
13,0,0,,,,,,,,,,,,,,,,,,
14,8,0.57,***,,,,,,,,,,,,,,,,,
15,0,0,,,,,,,,,,,,,,,,,,
16,12,0.85,*****,,,,,,,,,,,,,,,,,
17,0,0,,,,,,,,,,,,,,,,,,
18,19,1.35,********,,,,,,,,,,,,,,,,,
19,0,0,,,,,,,,,,,,,,,,,,
ÇQíiäK,80,5.681818,,,,,,,,,,,,,,,,,,
20,30,2.13,*************,,,,,,,,,,,,,,,,,
21,0,0,,,,,,,,,,,,,,,,,,
22,27,1.92,************,,,,,,,,,,,,,,,,,
23,0,0,,,,,,,,,,,,,,,,,,
24,23,1.63,**********,,,,,,,,,,,,,,,,,
25,0,0,,,,,,,,,,,,,,,,,,
ÇRíiäK,165,11.71875,,,,,,,,,,,,,,,,,,
26,24,1.7,**********,,,,,,,,,,,,,,,,,
27,0,0,,,,,,,,,,,,,,,,,,
28,41,2.91,*****************,,,,,,,,,,,,,,,,,
29,0,0,,,,,,,,,,,,,,,,,,
30,51,3.62,**********************,,,,,,,,,,,,,,,,,
31,0,0,,,,,,,,,,,,,,,,,,
32,49,3.48,*********************,,,,,,,,,,,,,,,,,
33,0,0,,,,,,,,,,,,,,,,,,
ÇSíiäK,255,18.110795,,,,,,,,,,,,,,,,,,
34,42,2.98,******************,,,,,,,,,,,,,,,,,
35,0,0,,,,,,,,,,,,,,,,,,
36,54,3.84,***********************,,,,,,,,,,,,,,,,,
37,0,0,,,,,,,,,,,,,,,,,,
38,51,3.62,**********************,,,,,,,,,,,,,,,,,
39,0,0,,,,,,,,,,,,,,,,,,
40,53,3.76,***********************,,,,,,,,,,,,,,,,,
41,0,0,,,,,,,,,,,,,,,,,,
42,55,3.91,***********************,,,,,,,,,,,,,,,,,
43,0,0,,,,,,,,,,,,,,,,,,
ÇTíiäK,262,18.607954,,,,,,,,,,,,,,,,,,
44,53,3.76,***********************,,,,,,,,,,,,,,,,,
45,0,0,,,,,,,,,,,,,,,,,,
46,69,4.9,*****************************,,,,,,,,,,,,,,,,,
47,0,0,,,,,,,,,,,,,,,,,,
48,43,3.05,******************,,,,,,,,,,,,,,,,,
49,0,0,,,,,,,,,,,,,,,,,,
50,60,4.26,**************************,,,,,,,,,,,,,,,,,
51,0,0,,,,,,,,,,,,,,,,,,
52,37,2.63,****************,,,,,,,,,,,,,,,,,
53,0,0,,,,,,,,,,,,,,,,,,
ÇUíiäK,251,17.826704,,,,,,,,,,,,,,,,,,
54,38,2.7,****************,,,,,,,,,,,,,,,,,
55,0,0,,,,,,,,,,,,,,,,,,
56,46,3.27,********************,,,,,,,,,,,,,,,,,
57,0,0,,,,,,,,,,,,,,,,,,
58,41,2.91,*****************,,,,,,,,,,,,,,,,,
59,0,0,,,,,,,,,,,,,,,,,,
60,37,2.63,****************,,,,,,,,,,,,,,,,,
61,0,0,,,,,,,,,,,,,,,,,,
62,48,3.41,********************,,,,,,,,,,,,,,,,,
63,0,0,,,,,,,,,,,,,,,,,,
64,41,2.91,*****************,,,,,,,,,,,,,,,,,
65,0,0,,,,,,,,,,,,,,,,,,
ÇVíiäK,172,12.215909,,,,,,,,,,,,,,,,,,
66,35,2.49,***************,,,,,,,,,,,,,,,,,
67,0,0,,,,,,,,,,,,,,,,,,
68,20,1.42,*********,,,,,,,,,,,,,,,,,
69,0,0,,,,,,,,,,,,,,,,,,
70,17,1.21,*******,,,,,,,,,,,,,,,,,
71,0,0,,,,,,,,,,,,,,,,,,
72,28,1.99,************,,,,,,,,,,,,,,,,,
73,0,0,,,,,,,,,,,,,,,,,,
74,20,1.42,*********,,,,,,,,,,,,,,,,,
75,0,0,,,,,,,,,,,,,,,,,,
76,21,1.49,*********,,,,,,,,,,,,,,,,,
77,0,0,,,,,,,,,,,,,,,,,,
78,31,2.2,*************,,,,,,,,,,,,,,,,,
79,0,0,,,,,,,,,,,,,,,,,,
ÇWíiäK,102,7.244318,,,,,,,,,,,,,,,,,,
80,23,1.63,**********,,,,,,,,,,,,,,,,,
81,0,0,,,,,,,,,,,,,,,,,,
82,27,1.92,************,,,,,,,,,,,,,,,,,
83,0,0,,,,,,,,,,,,,,,,,,
84,15,1.07,******,,,,,,,,,,,,,,,,,
85,0,0,,,,,,,,,,,,,,,,,,
86,18,1.28,********,,,,,,,,,,,,,,,,,
87,0,0,,,,,,,,,,,,,,,,,,
88,19,1.35,********,,,,,,,,,,,,,,,,,
89,0,0,,,,,,,,,,,,,,,,,,
ÇXíiäK,66,4.6875,,,,,,,,,,,,,,,,,,
90,15,1.07,******,,,,,,,,,,,,,,,,,
91,0,0,,,,,,,,,,,,,,,,,,
92,22,1.56,*********,,,,,,,,,,,,,,,,,
93,0,0,,,,,,,,,,,,,,,,,,
94,15,1.07,******,,,,,,,,,,,,,,,,,
95,0,0,,,,,,,,,,,,,,,,,,
96,6,0.43,***,,,,,,,,,,,,,,,,,
97,0,0,,,,,,,,,,,,,,,,,,
98,7,0.5,***,,,,,,,,,,,,,,,,,
99,0,0,,,,,,,,,,,,,,,,,,
100,1,0.07,,,,,,,,,,,,,,,,,,
óﬂòaÇTîNìx â»ñ⁄ï ê¨ê—ï™ïzê}Åiñ{ééå±Åj,óﬂòa5îN2åé2ì˙,,,,,,,,,,,,,,,,,,,
â»ñ⁄ñº,ñûì_,ç≈çÇì_,ç≈í·ì_,ïΩãœì_,ïWèÄïŒç∑,éÛå±é“êî,ìæì_ó¶,ÇTï™ílÇeÇP,ÇTï™ílÇeÇQ,ÇTï™ílÇeÇR,ÇTï™ílÇeÇS,ÇPíiäK,ÇQíiäK,ÇRíiäK,ÇSíiäK,ÇTíiäK,ÇUíiäK,ÇVíiäK,ÇWíiäK,ÇXíiäK
èÓïÒä÷åWäÓëb,100,100,6,60.68,17.53,410,0.6068,45,55,65,76,0Å`29,30Å`38,39Å`46,47Å`55,56Å`64,65Å`74,75Å`83,84Å`89,90Å`100
ì_êî,êlêî,î‰ó¶ÅiÅìÅj,,,,,,,,,,,,,,,,,,
ÇPíiäK,14,3.414634,,,,,,,,,,,,,,,,,,
0,0,0,,,,,,,,,,,,,,,,,,
1,0,0,,,,,,,,,,,,,,,,,,
2,0,0,,,,,,,,,,,,,,,,,,
3,0,0,,,,,,,,,,,,,,,,,,
4,0,0,,,,,,,,,,,,,,,,,,
5,0,0,,,,,,,,,,,,,,,,,,
6,1,0.24,*,,,,,,,,,,,,,,,,,
7,0,0,,,,,,,,,,,,,,,,,,
8,0,0,,,,,,,,,,,,,,,,,,
9,0,0,,,,,,,,,,,,,,,,,,
10,0,0,,,,,,,,,,,,,,,,,,
11,0,0,,,,,,,,,,,,,,,,,,
12,1,0.24,*,,,,,,,,,,,,,,,,,
13,0,0,,,,,,,,,,,,,,,,,,
14,1,0.24,*,,,,,,,,,,,,,,,,,
15,0,0,,,,,,,,,,,,,,,,,,
16,0,0,,,,,,,,,,,,,,,,,,
17,0,0,,,,,,,,,,,,,,,,,,
18,0,0,,,,,,,,,,,,,,,,,,
19,0,0,,,,,,,,,,,,,,,,,,
20,2,0.49,***,,,,,,,,,,,,,,,,,
21,1,0.24,*,,,,,,,,,,,,,,,,,
22,0,0,,,,,,,,,,,,,,,,,,
23,0,0,,,,,,,,,,,,,,,,,,
24,1,0.24,*,,,,,,,,,,,,,,,,,
25,0,0,,,,,,,,,,,,,,,,,,
26,2,0.49,***,,,,,,,,,,,,,,,,,
27,1,0.24,*,,,,,,,,,,,,,,,,,
28,4,0.98,******,,,,,,,,,,,,,,,,,
29,0,0,,,,,,,,,,,,,,,,,,
ÇQíiäK,26,6.341463,,,,,,,,,,,,,,,,,,
30,3,0.73,****,,,,,,,,,,,,,,,,,
31,1,0.24,*,,,,,,,,,,,,,,,,,
32,6,1.46,*********,,,,,,,,,,,,,,,,,
33,2,0.49,***,,,,,,,,,,,,,,,,,
34,2,0.49,***,,,,,,,,,,,,,,,,,
35,4,0.98,******,,,,,,,,,,,,,,,,,
36,1,0.24,*,,,,,,,,,,,,,,,,,
37,4,0.98,******,,,,,,,,,,,,,,,,,
38,3,0.73,****,,,,,,,,,,,,,,,,,
ÇRíiäK,46,11.219512,,,,,,,,,,,,,,,,,,
39,6,1.46,*********,,,,,,,,,,,,,,,,,
40,6,1.46,*********,,,,,,,,,,,,,,,,,
41,4,0.98,******,,,,,,,,,,,,,,,,,
42,4,0.98,******,,,,,,,,,,,,,,,,,
43,6,1.46,*********,,,,,,,,,,,,,,,,,
44,6,1.46,*********,,,,,,,,,,,,,,,,,
45,9,2.2,*************,,,,,,,,,,,,,,,,,
46,5,1.22,*******,,,,,,,,,,,,,,,,,
ÇSíiäK,76,18.536585,,,,,,,,,,,,,,,,,,
47,12,2.93,******************,,,,,,,,,,,,,,,,,
48,2,0.49,***,,,,,,,,,,,,,,,,,
49,14,3.41,********************,,,,,,,,,,,,,,,,,
50,9,2.2,*************,,,,,,,,,,,,,,,,,
51,11,2.68,****************,,,,,,,,,,,,,,,,,
52,5,1.22,*******,,,,,,,,,,,,,,,,,
53,13,3.17,*******************,,,,,,,,,,,,,,,,,
54,4,0.98,******,,,,,,,,,,,,,,,,,
55,6,1.46,*********,,,,,,,,,,,,,,,,,
ÇTíiäK,78,19.02439,,,,,,,,,,,,,,,,,,
56,8,1.95,************,,,,,,,,,,,,,,,,,
57,9,2.2,*************,,,,,,,,,,,,,,,,,
58,6,1.46,*********,,,,,,,,,,,,,,,,,
59,14,3.41,********************,,,,,,,,,,,,,,,,,
60,9,2.2,*************,,,,,,,,,,,,,,,,,
61,8,1.95,************,,,,,,,,,,,,,,,,,
62,6,1.46,*********,,,,,,,,,,,,,,,,,
63,12,2.93,******************,,,,,,,,,,,,,,,,,
64,6,1.46,*********,,,,,,,,,,,,,,,,,
ÇUíiäK,72,17.560975,,,,,,,,,,,,,,,,,,
65,7,1.71,**********,,,,,,,,,,,,,,,,,
66,11,2.68,****************,,,,,,,,,,,,,,,,,
67,7,1.71,**********,,,,,,,,,,,,,,,,,
68,9,2.2,*************,,,,,,,,,,,,,,,,,
69,6,1.46,*********,,,,,,,,,,,,,,,,,
70,3,0.73,****,,,,,,,,,,,,,,,,,
71,8,1.95,************,,,,,,,,,,,,,,,,,
72,10,2.44,***************,,,,,,,,,,,,,,,,,
73,2,0.49,***,,,,,,,,,,,,,,,,,
74,9,2.2,*************,,,,,,,,,,,,,,,,,
ÇVíiäK,50,12.195121,,,,,,,,,,,,,,,,,,
75,5,1.22,*******,,,,,,,,,,,,,,,,,
76,9,2.2,*************,,,,,,,,,,,,,,,,,
77,6,1.46,*********,,,,,,,,,,,,,,,,,
78,5,1.22,*******,,,,,,,,,,,,,,,,,
79,5,1.22,*******,,,,,,,,,,,,,,,,,
80,10,2.44,***************,,,,,,,,,,,,,,,,,
81,5,1.22,*******,,,,,,,,,,,,,,,,,
82,2,0.49,***,,,,,,,,,,,,,,,,,
83,3,0.73,****,,,,,,,,,,,,,,,,,
ÇWíiäK,27,6.585365,,,,,,,,,,,,,,,,,,
84,5,1.22,*******,,,,,,,,,,,,,,,,,
85,3,0.73,****,,,,,,,,,,,,,,,,,
86,7,1.71,**********,,,,,,,,,,,,,,,,,
87,5,1.22,*******,,,,,,,,,,,,,,,,,
88,5,1.22,*******,,,,,,,,,,,,,,,,,
89,2,0.49,***,,,,,,,,,,,,,,,,,
ÇXíiäK,21,5.121951,,,,,,,,,,,,,,,,,,
90,5,1.22,*******,,,,,,,,,,,,,,,,,
91,2,0.49,***,,,,,,,,,,,,,,,,,
92,5,1.22,*******,,,,,,,,,,,,,,,,,
93,2,0.49,***,,,,,,,,,,,,,,,,,
94,1,0.24,*,,,,,,,,,,,,,,,,,
95,2,0.49,***,,,,,,,,,,,,,,,,,
96,1,0.24,*,,,,,,,,,,,,,,,,,
97,0,0,,,,,,,,,,,,,,,,,,
98,2,0.49,***,,,,,,,,,,,,,,,,,
99,0,0,,,,,,,,,,,,,,,,,,
100,1,0.24,*,,,,,,,,,,,,,,,,,
óﬂòaÇTîNìx ã≥â»ï ê¨ê—ï™ïzê}Åiñ{ééå±Åj,óﬂòa5îN2åé2ì˙,,,,,,,,,,,,,,,,,,,
ã≥â»ñº,ñûì_,ç≈çÇì_,ç≈í·ì_,ïΩãœì_,ïWèÄïŒç∑,éÛå±é“êî,ìæì_ó¶,ÇTï™ílÇeÇP,ÇTï™ílÇeÇQ,ÇTï™ílÇeÇR,ÇTï™ílÇeÇS,,,,,,,,,
óùâ»á@,50,50,0,28.15,10.93,276346,0.5629,17,25,31,38,,,,,,,,,
ì_êî,êlêî,î‰ó¶ÅiÅìÅj,,,,,,,,,,,,,,,,,,
0,278,0.1,*,,,,,,,,,,,,,,,,,
1,141,0.05,,,,,,,,,,,,,,,,,,
2,203,0.07,,,,,,,,,,,,,,,,,,
3,644,0.23,*,,,,,,,,,,,,,,,,,
4,704,0.25,**,,,,,,,,,,,,,,,,,
5,1027,0.37,**,,,,,,,,,,,,,,,,,
6,1564,0.57,***,,,,,,,,,,,,,,,,,
7,1783,0.65,****,,,,,,,,,,,,,,,,,
8,2302,0.83,*****,,,,,,,,,,,,,,,,,
9,3065,1.11,*******,,,,,,,,,,,,,,,,,
10,3272,1.18,*******,,,,,,,,,,,,,,,,,
11,4087,1.48,*********,,,,,,,,,,,,,,,,,
12,4598,1.66,**********,,,,,,,,,,,,,,,,,
13,4841,1.75,***********,,,,,,,,,,,,,,,,,
14,5690,2.06,************,,,,,,,,,,,,,,,,,
15,5769,2.09,*************,,,,,,,,,,,,,,,,,
16,6003,2.17,*************,,,,,,,,,,,,,,,,,
17,6917,2.5,***************,,,,,,,,,,,,,,,,,
18,6746,2.44,***************,,,,,,,,,,,,,,,,,
19,7123,2.58,***************,,,,,,,,,,,,,,,,,
20,7687,2.78,*****************,,,,,,,,,,,,,,,,,
21,7491,2.71,****************,,,,,,,,,,,,,,,,,
22,7837,2.84,*****************,,,,,,,,,,,,,,,,,
23,8221,2.97,******************,,,,,,,,,,,,,,,,,
24,7937,2.87,*****************,,,,,,,,,,,,,,,,,
25,8274,2.99,******************,,,,,,,,,,,,,,,,,
26,8351,3.02,******************,,,,,,,,,,,,,,,,,
27,8250,2.99,******************,,,,,,,,,,,,,,,,,
28,8735,3.16,*******************,,,,,,,,,,,,,,,,,
29,8183,2.96,******************,,,,,,,,,,,,,,,,,
30,8699,3.15,*******************,,,,,,,,,,,,,,,,,
31,8626,3.12,*******************,,,,,,,,,,,,,,,,,
32,7993,2.89,*****************,,,,,,,,,,,,,,,,,
33,8645,3.13,*******************,,,,,,,,,,,,,,,,,
34,8439,3.05,******************,,,,,,,,,,,,,,,,,
35,7601,2.75,*****************,,,,,,,,,,,,,,,,,
36,7849,2.84,*****************,,,,,,,,,,,,,,,,,
37,9008,3.26,********************,,,,,,,,,,,,,,,,,
38,6848,2.48,***************,,,,,,,,,,,,,,,,,
39,6221,2.25,**************,,,,,,,,,,,,,,,,,
40,8342,3.02,******************,,,,,,,,,,,,,,,,,
41,5920,2.14,*************,,,,,,,,,,,,,,,,,
42,4477,1.62,**********,,,,,,,,,,,,,,,,,
43,6501,2.35,**************,,,,,,,,,,,,,,,,,
44,6611,2.39,**************,,,,,,,,,,,,,,,,,
45,990,0.36,**,,,,,,,,,,,,,,,,,
46,4957,1.79,***********,,,,,,,,,,,,,,,,,
47,5210,1.89,***********,,,,,,,,,,,,,,,,,
48,1124,0.41,**,,,,,,,,,,,,,,,,,
49,0,0,,,,,,,,,,,,,,,,,,
50,4562,1.65,**********,,,,,,,,,,,,,,,,,
óﬂòaÇTîNìx â»ñ⁄ï ê¨ê—ï™ïzê}Åiñ{ééå±Åj,óﬂòa5îN2åé2ì˙,,,,,,,,,,,,,,,,,,,
â»ñ⁄ñº,ñûì_,ç≈çÇì_,ç≈í·ì_,ïΩãœì_,ïWèÄïŒç∑,éÛå±é“êî,ìæì_ó¶,ÇTï™ílÇeÇP,ÇTï™ílÇeÇQ,ÇTï™ílÇeÇR,ÇTï™ílÇeÇS,ÇPíiäK,ÇQíiäK,ÇRíiäK,ÇSíiäK,ÇTíiäK,ÇUíiäK,ÇVíiäK,ÇWíiäK,ÇXíiäK
ï®óùäÓëb,50,50,0,28.19,9.65,17978,0.5637,19,25,30,36,0Å`11,12Å`15,16Å`20,21Å`24,25Å`30,31Å`35,36Å`41,42Å`45,46Å`50
ì_êî,êlêî,î‰ó¶ÅiÅìÅj,,,,,,,,,,,,,,,,,,
ÇPíiäK,595,3.3096,,,,,,,,,,,,,,,,,,
0,11,0.06,,,,,,,,,,,,,,,,,,
1,0,0,,,,,,,,,,,,,,,,,,
2,5,0.03,,,,,,,,,,,,,,,,,,
3,4,0.02,,,,,,,,,,,,,,,,,,
4,15,0.08,*,,,,,,,,,,,,,,,,,
5,25,0.14,*,,,,,,,,,,,,,,,,,
6,22,0.12,*,,,,,,,,,,,,,,,,,
7,59,0.33,**,,,,,,,,,,,,,,,,,
8,45,0.25,**,,,,,,,,,,,,,,,,,
9,81,0.45,***,,,,,,,,,,,,,,,,,
10,134,0.75,****,,,,,,,,,,,,,,,,,
11,194,1.08,******,,,,,,,,,,,,,,,,,
ÇQíiäK,1084,6.029591,,,,,,,,,,,,,,,,,,
12,162,0.9,*****,,,,,,,,,,,,,,,,,
13,248,1.38,********,,,,,,,,,,,,,,,,,
14,329,1.83,***********,,,,,,,,,,,,,,,,,
15,345,1.92,************,,,,,,,,,,,,,,,,,
ÇRíiäK,2405,13.377461,,,,,,,,,,,,,,,,,,
16,334,1.86,***********,,,,,,,,,,,,,,,,,
17,496,2.76,*****************,,,,,,,,,,,,,,,,,
18,595,3.31,********************,,,,,,,,,,,,,,,,,
19,461,2.56,***************,,,,,,,,,,,,,,,,,
20,519,2.89,*****************,,,,,,,,,,,,,,,,,
ÇSíiäK,2663,14.812548,,,,,,,,,,,,,,,,,,
21,724,4.03,************************,,,,,,,,,,,,,,,,,
22,669,3.72,**********************,,,,,,,,,,,,,,,,,
23,579,3.22,*******************,,,,,,,,,,,,,,,,,
24,691,3.84,***********************,,,,,,,,,,,,,,,,,
ÇTíiäK,4012,22.316164,,,,,,,,,,,,,,,,,,
25,818,4.55,***************************,,,,,,,,,,,,,,,,,
26,588,3.27,********************,,,,,,,,,,,,,,,,,
27,576,3.2,*******************,,,,,,,,,,,,,,,,,
28,878,4.88,*****************************,,,,,,,,,,,,,,,,,
29,628,3.49,*********************,,,,,,,,,,,,,,,,,
30,524,2.91,*****************,,,,,,,,,,,,,,,,,
ÇUíiäK,2979,16.570252,,,,,,,,,,,,,,,,,,
31,683,3.8,***********************,,,,,,,,,,,,,,,,,
32,720,4,************************,,,,,,,,,,,,,,,,,
33,441,2.45,***************,,,,,,,,,,,,,,,,,
34,427,2.38,**************,,,,,,,,,,,,,,,,,
35,708,3.94,************************,,,,,,,,,,,,,,,,,
ÇVíiäK,2233,12.420736,,,,,,,,,,,,,,,,,,
36,513,2.85,*****************,,,,,,,,,,,,,,,,,
37,267,1.49,*********,,,,,,,,,,,,,,,,,
38,495,2.75,*****************,,,,,,,,,,,,,,,,,
39,512,2.85,*****************,,,,,,,,,,,,,,,,,
40,318,1.77,***********,,,,,,,,,,,,,,,,,
41,128,0.71,****,,,,,,,,,,,,,,,,,
ÇWíiäK,1093,6.079652,,,,,,,,,,,,,,,,,,
42,517,2.88,*****************,,,,,,,,,,,,,,,,,
43,375,2.09,*************,,,,,,,,,,,,,,,,,
44,160,0.89,*****,,,,,,,,,,,,,,,,,
45,41,0.23,*,,,,,,,,,,,,,,,,,
ÇXíiäK,914,5.083991,,,,,,,,,,,,,,,,,,
46,464,2.58,***************,,,,,,,,,,,,,,,,,
47,137,0.76,*****,,,,,,,,,,,,,,,,,
48,58,0.32,**,,,,,,,,,,,,,,,,,
49,0,0,,,,,,,,,,,,,,,,,,
50,255,1.42,*********,,,,,,,,,,,,,,,,,
óﬂòaÇTîNìx â»ñ⁄ï ê¨ê—ï™ïzê}Åiñ{ééå±Åj,óﬂòa5îN2åé2ì˙,,,,,,,,,,,,,,,,,,,
â»ñ⁄ñº,ñûì_,ç≈çÇì_,ç≈í·ì_,ïΩãœì_,ïWèÄïŒç∑,éÛå±é“êî,ìæì_ó¶,ÇTï™ílÇeÇP,ÇTï™ílÇeÇQ,ÇTï™ílÇeÇR,ÇTï™ílÇeÇS,ÇPíiäK,ÇQíiäK,ÇRíiäK,ÇSíiäK,ÇTíiäK,ÇUíiäK,ÇVíiäK,ÇWíiäK,ÇXíiäK
âªäwäÓëb,50,50,0,29.42,10.53,95515,0.5884,19,26,33,39,0Å`10,11Å`14,15Å`20,21Å`26,27Å`32,33Å`37,38Å`41,42Å`45,46Å`50
ì_êî,êlêî,î‰ó¶ÅiÅìÅj,,,,,,,,,,,,,,,,,,
ÇPíiäK,3589,3.757524,,,,,,,,,,,,,,,,,,
0,65,0.07,,,,,,,,,,,,,,,,,,
1,0,0,,,,,,,,,,,,,,,,,,
2,54,0.06,,,,,,,,,,,,,,,,,,
3,174,0.18,*,,,,,,,,,,,,,,,,,
4,55,0.06,,,,,,,,,,,,,,,,,,
5,283,0.3,**,,,,,,,,,,,,,,,,,
6,433,0.45,***,,,,,,,,,,,,,,,,,
7,227,0.24,*,,,,,,,,,,,,,,,,,
8,726,0.76,*****,,,,,,,,,,,,,,,,,
9,909,0.95,******,,,,,,,,,,,,,,,,,
10,663,0.69,****,,,,,,,,,,,,,,,,,
ÇQíiäK,5788,6.059781,,,,,,,,,,,,,,,,,,
11,1322,1.38,********,,,,,,,,,,,,,,,,,
12,1441,1.51,*********,,,,,,,,,,,,,,,,,
13,1072,1.12,*******,,,,,,,,,,,,,,,,,
14,1953,2.04,************,,,,,,,,,,,,,,,,,
ÇRíiäK,12199,12.771815,,,,,,,,,,,,,,,,,,
15,1801,1.89,***********,,,,,,,,,,,,,,,,,
16,1542,1.61,**********,,,,,,,,,,,,,,,,,
17,2294,2.4,**************,,,,,,,,,,,,,,,,,
18,2113,2.21,*************,,,,,,,,,,,,,,,,,
19,1863,1.95,************,,,,,,,,,,,,,,,,,
20,2586,2.71,****************,,,,,,,,,,,,,,,,,
ÇSíiäK,15148,15.859289,,,,,,,,,,,,,,,,,,
21,2458,2.57,***************,,,,,,,,,,,,,,,,,
22,2068,2.17,*************,,,,,,,,,,,,,,,,,
23,2738,2.87,*****************,,,,,,,,,,,,,,,,,
24,2810,2.94,******************,,,,,,,,,,,,,,,,,
25,2268,2.37,**************,,,,,,,,,,,,,,,,,
26,2806,2.94,******************,,,,,,,,,,,,,,,,,
ÇTíiäK,17838,18.6756,,,,,,,,,,,,,,,,,,
27,3178,3.33,********************,,,,,,,,,,,,,,,,,
28,2504,2.62,****************,,,,,,,,,,,,,,,,,
29,2759,2.89,*****************,,,,,,,,,,,,,,,,,
30,3689,3.86,***********************,,,,,,,,,,,,,,,,,
31,2793,2.92,******************,,,,,,,,,,,,,,,,,
32,2915,3.05,******************,,,,,,,,,,,,,,,,,
ÇUíiäK,17218,18.026487,,,,,,,,,,,,,,,,,,
33,3858,4.04,************************,,,,,,,,,,,,,,,,,
34,3196,3.35,********************,,,,,,,,,,,,,,,,,
35,2991,3.13,*******************,,,,,,,,,,,,,,,,,
36,3375,3.53,*********************,,,,,,,,,,,,,,,,,
37,3798,3.98,************************,,,,,,,,,,,,,,,,,
ÇVíiäK,10903,11.414961,,,,,,,,,,,,,,,,,,
38,2698,2.82,*****************,,,,,,,,,,,,,,,,,
39,2794,2.93,******************,,,,,,,,,,,,,,,,,
40,3223,3.37,********************,,,,,,,,,,,,,,,,,
41,2188,2.29,**************,,,,,,,,,,,,,,,,,
ÇWíiäK,7344,7.688844,,,,,,,,,,,,,,,,,,
42,2553,2.67,****************,,,,,,,,,,,,,,,,,
43,1873,1.96,************,,,,,,,,,,,,,,,,,
44,2244,2.35,**************,,,,,,,,,,,,,,,,,
45,674,0.71,****,,,,,,,,,,,,,,,,,
ÇXíiäK,5488,5.745694,,,,,,,,,,,,,,,,,,
46,2432,2.55,***************,,,,,,,,,,,,,,,,,
47,615,0.64,****,,,,,,,,,,,,,,,,,
48,990,1.04,******,,,,,,,,,,,,,,,,,
49,0,0,,,,,,,,,,,,,,,,,,
50,1451,1.52,*********,,,,,,,,,,,,,,,,,
óﬂòaÇTîNìx â»ñ⁄ï ê¨ê—ï™ïzê}Åiñ{ééå±Åj,óﬂòa5îN2åé2ì˙,,,,,,,,,,,,,,,,,,,
â»ñ⁄ñº,ñûì_,ç≈çÇì_,ç≈í·ì_,ïΩãœì_,ïWèÄïŒç∑,éÛå±é“êî,ìæì_ó¶,ÇTï™ílÇeÇP,ÇTï™ílÇeÇQ,ÇTï™ílÇeÇR,ÇTï™ílÇeÇS,ÇPíiäK,ÇQíiäK,ÇRíiäK,ÇSíiäK,ÇTíiäK,ÇUíiäK,ÇVíiäK,ÇWíiäK,ÇXíiäK
ê∂ï®äÓëb,50,50,0,24.66,10.14,119730,0.4931,15,21,27,34,0Å`7,8Å`11,12Å`15,16Å`21,22Å`27,28Å`32,33Å`37,38Å`42,43Å`50
ì_êî,êlêî,î‰ó¶ÅiÅìÅj,,,,,,,,,,,,,,,,,,
ÇPíiäK,4499,3.757621,,,,,,,,,,,,,,,,,,
0,116,0.1,*,,,,,,,,,,,,,,,,,
1,141,0.12,*,,,,,,,,,,,,,,,,,
2,144,0.12,*,,,,,,,,,,,,,,,,,
3,400,0.33,**,,,,,,,,,,,,,,,,,
4,616,0.51,***,,,,,,,,,,,,,,,,,
5,719,0.6,****,,,,,,,,,,,,,,,,,
6,965,0.81,*****,,,,,,,,,,,,,,,,,
7,1398,1.17,*******,,,,,,,,,,,,,,,,,
ÇQíiäK,8003,6.684206,,,,,,,,,,,,,,,,,,
8,1517,1.27,********,,,,,,,,,,,,,,,,,
9,1848,1.54,*********,,,,,,,,,,,,,,,,,
10,2153,1.8,***********,,,,,,,,,,,,,,,,,
11,2485,2.08,************,,,,,,,,,,,,,,,,,
ÇRíiäK,12322,10.291489,,,,,,,,,,,,,,,,,,
12,2754,2.3,**************,,,,,,,,,,,,,,,,,
13,3024,2.53,***************,,,,,,,,,,,,,,,,,
14,3178,2.65,****************,,,,,,,,,,,,,,,,,
15,3366,2.81,*****************,,,,,,,,,,,,,,,,,
ÇSíiäK,22690,18.950973,,,,,,,,,,,,,,,,,,
16,3477,2.9,*****************,,,,,,,,,,,,,,,,,
17,3612,3.02,******************,,,,,,,,,,,,,,,,,
18,3801,3.17,*******************,,,,,,,,,,,,,,,,,
19,4084,3.41,********************,,,,,,,,,,,,,,,,,
20,3825,3.19,*******************,,,,,,,,,,,,,,,,,
21,3891,3.25,*******************,,,,,,,,,,,,,,,,,
ÇTíiäK,24285,20.283137,,,,,,,,,,,,,,,,,,
22,4482,3.74,**********************,,,,,,,,,,,,,,,,,
23,3909,3.26,********************,,,,,,,,,,,,,,,,,
24,3866,3.23,*******************,,,,,,,,,,,,,,,,,
25,4660,3.89,***********************,,,,,,,,,,,,,,,,,
26,3806,3.18,*******************,,,,,,,,,,,,,,,,,
27,3562,2.98,******************,,,,,,,,,,,,,,,,,
ÇUíiäK,19481,16.270775,,,,,,,,,,,,,,,,,,
28,4847,4.05,************************,,,,,,,,,,,,,,,,,
29,3689,3.08,******************,,,,,,,,,,,,,,,,,
30,3095,2.58,****************,,,,,,,,,,,,,,,,,
31,4431,3.7,**********************,,,,,,,,,,,,,,,,,
32,3419,2.86,*****************,,,,,,,,,,,,,,,,,
ÇVíiäK,14193,11.854171,,,,,,,,,,,,,,,,,,
33,2454,2.05,************,,,,,,,,,,,,,,,,,
34,3728,3.11,*******************,,,,,,,,,,,,,,,,,
35,3202,2.67,****************,,,,,,,,,,,,,,,,,
36,1841,1.54,*********,,,,,,,,,,,,,,,,,
37,2968,2.48,***************,,,,,,,,,,,,,,,,,
ÇWíiäK,9398,7.849327,,,,,,,,,,,,,,,,,,
38,3074,2.57,***************,,,,,,,,,,,,,,,,,
39,1203,1,******,,,,,,,,,,,,,,,,,
40,1939,1.62,**********,,,,,,,,,,,,,,,,,
41,2539,2.12,*************,,,,,,,,,,,,,,,,,
42,643,0.54,***,,,,,,,,,,,,,,,,,
ÇXíiäK,4859,4.058297,,,,,,,,,,,,,,,,,,
43,1007,0.84,*****,,,,,,,,,,,,,,,,,
44,1828,1.53,*********,,,,,,,,,,,,,,,,,
45,275,0.23,*,,,,,,,,,,,,,,,,,
46,347,0.29,**,,,,,,,,,,,,,,,,,
47,969,0.81,*****,,,,,,,,,,,,,,,,,
48,76,0.06,,,,,,,,,,,,,,,,,,
49,0,0,,,,,,,,,,,,,,,,,,
50,357,0.3,**,,,,,,,,,,,,,,,,,
óﬂòaÇTîNìx â»ñ⁄ï ê¨ê—ï™ïzê}Åiñ{ééå±Åj,óﬂòa5îN2åé2ì˙,,,,,,,,,,,,,,,,,,,
â»ñ⁄ñº,ñûì_,ç≈çÇì_,ç≈í·ì_,ïΩãœì_,ïWèÄïŒç∑,éÛå±é“êî,ìæì_ó¶,ÇTï™ílÇeÇP,ÇTï™ílÇeÇQ,ÇTï™ílÇeÇR,ÇTï™ílÇeÇS,ÇPíiäK,ÇQíiäK,ÇRíiäK,ÇSíiäK,ÇTíiäK,ÇUíiäK,ÇVíiäK,ÇWíiäK,ÇXíiäK
ínäwäÓëb,50,50,0,35.03,10.48,43070,0.7006,25,33,39,44,0Å`12,13Å`19,20Å`26,27Å`33,34Å`39,40Å`43,44Å`46,47Å`49,50Å`50
ì_êî,êlêî,î‰ó¶ÅiÅìÅj,,,,,,,,,,,,,,,,,,
ÇPíiäK,1250,2.902252,,,,,,,,,,,,,,,,,,
0,33,0.08,,,,,,,,,,,,,,,,,,
1,0,0,,,,,,,,,,,,,,,,,,
2,0,0,,,,,,,,,,,,,,,,,,
3,66,0.15,*,,,,,,,,,,,,,,,,,
4,18,0.04,,,,,,,,,,,,,,,,,,
5,0,0,,,,,,,,,,,,,,,,,,
6,144,0.33,**,,,,,,,,,,,,,,,,,
7,99,0.23,*,,,,,,,,,,,,,,,,,
8,14,0.03,,,,,,,,,,,,,,,,,,
9,227,0.53,***,,,,,,,,,,,,,,,,,
10,322,0.75,****,,,,,,,,,,,,,,,,,
11,86,0.2,*,,,,,,,,,,,,,,,,,
12,241,0.56,***,,,,,,,,,,,,,,,,,
ÇQíiäK,3101,7.199907,,,,,,,,,,,,,,,,,,
13,497,1.15,*******,,,,,,,,,,,,,,,,,
14,230,0.53,***,,,,,,,,,,,,,,,,,
15,257,0.6,****,,,,,,,,,,,,,,,,,
16,650,1.51,*********,,,,,,,,,,,,,,,,,
17,515,1.2,*******,,,,,,,,,,,,,,,,,
18,237,0.55,***,,,,,,,,,,,,,,,,,
19,715,1.66,**********,,,,,,,,,,,,,,,,,
ÇRíiäK,5037,11.694915,,,,,,,,,,,,,,,,,,
20,757,1.76,***********,,,,,,,,,,,,,,,,,
21,418,0.97,******,,,,,,,,,,,,,,,,,
22,618,1.43,*********,,,,,,,,,,,,,,,,,
23,995,2.31,**************,,,,,,,,,,,,,,,,,
24,570,1.32,********,,,,,,,,,,,,,,,,,
25,528,1.23,*******,,,,,,,,,,,,,,,,,
26,1151,2.67,****************,,,,,,,,,,,,,,,,,
ÇSíiäK,7488,17.385651,,,,,,,,,,,,,,,,,,
27,934,2.17,*************,,,,,,,,,,,,,,,,,
28,506,1.17,*******,,,,,,,,,,,,,,,,,
29,1107,2.57,***************,,,,,,,,,,,,,,,,,
30,1391,3.23,*******************,,,,,,,,,,,,,,,,,
31,719,1.67,**********,,,,,,,,,,,,,,,,,
32,939,2.18,*************,,,,,,,,,,,,,,,,,
33,1892,4.39,**************************,,,,,,,,,,,,,,,,,
ÇTíiäK,8176,18.98305,,,,,,,,,,,,,,,,,,
34,1088,2.53,***************,,,,,,,,,,,,,,,,,
35,700,1.63,**********,,,,,,,,,,,,,,,,,
36,2120,4.92,******************************,,,,,,,,,,,,,,,,,
37,1975,4.59,****************************,,,,,,,,,,,,,,,,,
38,581,1.35,********,,,,,,,,,,,,,,,,,
39,1712,3.97,************************,,,,,,,,,,,,,,,,,
ÇUíiäK,7937,18.42814,,,,,,,,,,,,,,,,,,
40,2862,6.64,****************************************,,,,,,,,,,,,,,,,,
41,1065,2.47,***************,,,,,,,,,,,,,,,,,
42,764,1.77,***********,,,,,,,,,,,,,,,,,
43,3246,7.54,****************************************,OV,,,,,,,,,,,,,,,,
ÇVíiäK,4093,9.503134,,,,,,,,,,,,,,,,,,
44,2379,5.52,*********************************,,,,,,,,,,,,,,,,,
45,0,0,,,,,,,,,,,,,,,,,,
46,1714,3.98,************************,,,,,,,,,,,,,,,,,
ÇWíiäK,3489,8.100766,,,,,,,,,,,,,,,,,,
47,3489,8.1,****************************************,OV,,,,,,,,,,,,,,,,
48,0,0,,,,,,,,,,,,,,,,,,
49,0,0,,,,,,,,,,,,,,,,,,
ÇXíiäK,2499,5.802182,,,,,,,,,,,,,,,,,,
50,2499,5.8,***********************************,,,,,,,,,,,,,,,,,
óﬂòaÇTîNìx ã≥â»ï ê¨ê—ï™ïzê}Åiñ{ééå±Åj,óﬂòa5îN2åé2ì˙,,,,,,,,,,,,,,,,,,,
ã≥â»ñº,ñûì_,ç≈çÇì_,ç≈í·ì_,ïΩãœì_,ïWèÄïŒç∑,éÛå±é“êî,ìæì_ó¶,ÇTï™ílÇeÇP,ÇTï™ílÇeÇQ,ÇTï™ílÇeÇR,ÇTï™ílÇeÇS,,,,,,,,,
óùâ»áA,100,100,0,56.67,21.77,386723,0.5667,36,50,63,77,,,,,,,,,
ì_êî,êlêî,î‰ó¶ÅiÅìÅj,,,,,,,,,,,,,,,,,,
0,100,0.03,,,,,,,,,,,,,,,,,,
1,7,0,,,,,,,,,,,,,,,,,,
2,26,0.01,,,,,,,,,,,,,,,,,,
3,44,0.01,,,,,,,,,,,,,,,,,,
4,80,0.02,,,,,,,,,,,,,,,,,,
5,114,0.03,,,,,,,,,,,,,,,,,,
6,184,0.05,,,,,,,,,,,,,,,,,,
7,238,0.06,,,,,,,,,,,,,,,,,,
8,312,0.08,,,,,,,,,,,,,,,,,,
9,387,0.1,*,,,,,,,,,,,,,,,,,
10,537,0.14,*,,,,,,,,,,,,,,,,,
11,614,0.16,*,,,,,,,,,,,,,,,,,
12,990,0.26,**,,,,,,,,,,,,,,,,,
13,455,0.12,*,,,,,,,,,,,,,,,,,
14,1099,0.28,**,,,,,,,,,,,,,,,,,
15,1414,0.37,**,,,,,,,,,,,,,,,,,
16,1810,0.47,***,,,,,,,,,,,,,,,,,
17,1937,0.5,***,,,,,,,,,,,,,,,,,
18,1790,0.46,***,,,,,,,,,,,,,,,,,
19,2561,0.66,****,,,,,,,,,,,,,,,,,
20,1327,0.34,**,,,,,,,,,,,,,,,,,
21,3075,0.8,*****,,,,,,,,,,,,,,,,,
22,2807,0.73,****,,,,,,,,,,,,,,,,,
23,3578,0.93,******,,,,,,,,,,,,,,,,,
24,3923,1.01,******,,,,,,,,,,,,,,,,,
25,2034,0.53,***,,,,,,,,,,,,,,,,,
26,3387,0.88,*****,,,,,,,,,,,,,,,,,
27,4601,1.19,*******,,,,,,,,,,,,,,,,,
28,4780,1.24,*******,,,,,,,,,,,,,,,,,
29,3998,1.03,******,,,,,,,,,,,,,,,,,
30,2415,0.62,****,,,,,,,,,,,,,,,,,
31,5694,1.47,*********,,,,,,,,,,,,,,,,,
32,5633,1.46,*********,,,,,,,,,,,,,,,,,
33,4457,1.15,*******,,,,,,,,,,,,,,,,,
34,5810,1.5,*********,,,,,,,,,,,,,,,,,
35,2871,0.74,****,,,,,,,,,,,,,,,,,
36,4285,1.11,*******,,,,,,,,,,,,,,,,,
37,6251,1.62,**********,,,,,,,,,,,,,,,,,
38,6170,1.6,**********,,,,,,,,,,,,,,,,,
39,4805,1.24,*******,,,,,,,,,,,,,,,,,
40,6309,1.63,**********,,,,,,,,,,,,,,,,,
41,3116,0.81,*****,,,,,,,,,,,,,,,,,
42,4728,1.22,*******,,,,,,,,,,,,,,,,,
43,6547,1.69,**********,,,,,,,,,,,,,,,,,
44,6309,1.63,**********,,,,,,,,,,,,,,,,,
45,4793,1.24,*******,,,,,,,,,,,,,,,,,
46,6283,1.62,**********,,,,,,,,,,,,,,,,,
47,6564,1.7,**********,,,,,,,,,,,,,,,,,
48,3242,0.84,*****,,,,,,,,,,,,,,,,,
49,4830,1.25,*******,,,,,,,,,,,,,,,,,
50,6282,1.62,**********,,,,,,,,,,,,,,,,,
51,6320,1.63,**********,,,,,,,,,,,,,,,,,
52,6466,1.67,**********,,,,,,,,,,,,,,,,,
53,6276,1.62,**********,,,,,,,,,,,,,,,,,
54,4846,1.25,********,,,,,,,,,,,,,,,,,
55,6226,1.61,**********,,,,,,,,,,,,,,,,,
56,6023,1.56,*********,,,,,,,,,,,,,,,,,
57,6183,1.6,**********,,,,,,,,,,,,,,,,,
58,6022,1.56,*********,,,,,,,,,,,,,,,,,
59,6008,1.55,*********,,,,,,,,,,,,,,,,,
60,5898,1.53,*********,,,,,,,,,,,,,,,,,
61,5851,1.51,*********,,,,,,,,,,,,,,,,,
62,6211,1.61,**********,,,,,,,,,,,,,,,,,
63,5678,1.47,*********,,,,,,,,,,,,,,,,,
64,5594,1.45,*********,,,,,,,,,,,,,,,,,
65,5742,1.48,*********,,,,,,,,,,,,,,,,,
66,5420,1.4,********,,,,,,,,,,,,,,,,,
67,5879,1.52,*********,,,,,,,,,,,,,,,,,
68,5364,1.39,********,,,,,,,,,,,,,,,,,
69,5481,1.42,*********,,,,,,,,,,,,,,,,,
70,5157,1.33,********,,,,,,,,,,,,,,,,,
71,4961,1.28,********,,,,,,,,,,,,,,,,,
72,5828,1.51,*********,,,,,,,,,,,,,,,,,
73,5369,1.39,********,,,,,,,,,,,,,,,,,
74,4984,1.29,********,,,,,,,,,,,,,,,,,
75,6999,1.81,***********,,,,,,,,,,,,,,,,,
76,4095,1.06,******,,,,,,,,,,,,,,,,,
77,5707,1.48,*********,,,,,,,,,,,,,,,,,
78,4281,1.11,*******,,,,,,,,,,,,,,,,,
79,4350,1.12,*******,,,,,,,,,,,,,,,,,
80,4443,1.15,*******,,,,,,,,,,,,,,,,,
81,3593,0.93,******,,,,,,,,,,,,,,,,,
82,5888,1.52,*********,,,,,,,,,,,,,,,,,
83,3140,0.81,*****,,,,,,,,,,,,,,,,,
84,5550,1.44,*********,,,,,,,,,,,,,,,,,
85,4031,1.04,******,,,,,,,,,,,,,,,,,
86,2377,0.61,****,,,,,,,,,,,,,,,,,
87,5650,1.46,*********,,,,,,,,,,,,,,,,,
88,3080,0.8,*****,,,,,,,,,,,,,,,,,
89,2585,0.67,****,,,,,,,,,,,,,,,,,
90,4193,1.08,*******,,,,,,,,,,,,,,,,,
91,1451,0.38,**,,,,,,,,,,,,,,,,,
92,4720,1.22,*******,,,,,,,,,,,,,,,,,
93,2034,0.53,***,,,,,,,,,,,,,,,,,
94,1191,0.31,**,,,,,,,,,,,,,,,,,
95,5018,1.3,********,,,,,,,,,,,,,,,,,
96,648,0.17,*,,,,,,,,,,,,,,,,,
97,3048,0.79,*****,,,,,,,,,,,,,,,,,
98,529,0.14,*,,,,,,,,,,,,,,,,,
99,65,0.02,,,,,,,,,,,,,,,,,,
100,4667,1.21,*******,,,,,,,,,,,,,,,,,
óﬂòaÇTîNìx â»ñ⁄ï ê¨ê—ï™ïzê}Åiñ{ééå±Åj,óﬂòa5îN2åé2ì˙,,,,,,,,,,,,,,,,,,,
â»ñ⁄ñº,ñûì_,ç≈çÇì_,ç≈í·ì_,ïΩãœì_,ïWèÄïŒç∑,éÛå±é“êî,ìæì_ó¶,ÇTï™ílÇeÇP,ÇTï™ílÇeÇQ,ÇTï™ílÇeÇR,ÇTï™ílÇeÇS,ÇPíiäK,ÇQíiäK,ÇRíiäK,ÇSíiäK,ÇTíiäK,ÇUíiäK,ÇVíiäK,ÇWíiäK,ÇXíiäK
ï®óù,100,100,0,63.39,22.72,144914,0.6339,41,58,72,85,0Å`21,22Å`31,32Å`43,44Å`58,59Å`71,72Å`82,83Å`91,92Å`96,97Å`100
ì_êî,êlêî,î‰ó¶ÅiÅìÅj,,,,,,,,,,,,,,,,,,
ÇPíiäK,5612,3.872641,,,,,,,,,,,,,,,,,,
0,16,0.01,,,,,,,,,,,,,,,,,,
1,6,0,,,,,,,,,,,,,,,,,,
2,12,0.01,,,,,,,,,,,,,,,,,,
3,13,0.01,,,,,,,,,,,,,,,,,,
4,26,0.02,,,,,,,,,,,,,,,,,,
5,46,0.03,,,,,,,,,,,,,,,,,,
6,72,0.05,,,,,,,,,,,,,,,,,,
7,79,0.05,,,,,,,,,,,,,,,,,,
8,107,0.07,,,,,,,,,,,,,,,,,,
9,111,0.08,,,,,,,,,,,,,,,,,,
10,159,0.11,*,,,,,,,,,,,,,,,,,
11,217,0.15,*,,,,,,,,,,,,,,,,,
12,243,0.17,*,,,,,,,,,,,,,,,,,
13,309,0.21,*,,,,,,,,,,,,,,,,,
14,295,0.2,*,,,,,,,,,,,,,,,,,
15,369,0.25,**,,,,,,,,,,,,,,,,,
16,478,0.33,**,,,,,,,,,,,,,,,,,
17,513,0.35,**,,,,,,,,,,,,,,,,,
18,569,0.39,**,,,,,,,,,,,,,,,,,
19,587,0.41,**,,,,,,,,,,,,,,,,,
20,658,0.45,***,,,,,,,,,,,,,,,,,
21,727,0.5,***,,,,,,,,,,,,,,,,,
ÇQíiäK,10014,6.910305,,,,,,,,,,,,,,,,,,
22,802,0.55,***,,,,,,,,,,,,,,,,,
23,867,0.6,****,,,,,,,,,,,,,,,,,
24,852,0.59,****,,,,,,,,,,,,,,,,,
25,937,0.65,****,,,,,,,,,,,,,,,,,
26,962,0.66,****,,,,,,,,,,,,,,,,,
27,994,0.69,****,,,,,,,,,,,,,,,,,
28,1109,0.77,*****,,,,,,,,,,,,,,,,,
29,1154,0.8,*****,,,,,,,,,,,,,,,,,
30,1122,0.77,*****,,,,,,,,,,,,,,,,,
31,1215,0.84,*****,,,,,,,,,,,,,,,,,
ÇRíiäK,16744,11.554439,,,,,,,,,,,,,,,,,,
32,1232,0.85,*****,,,,,,,,,,,,,,,,,
33,1314,0.91,*****,,,,,,,,,,,,,,,,,
34,1270,0.88,*****,,,,,,,,,,,,,,,,,
35,1293,0.89,*****,,,,,,,,,,,,,,,,,
36,1252,0.86,*****,,,,,,,,,,,,,,,,,
37,1435,0.99,******,,,,,,,,,,,,,,,,,
38,1433,0.99,******,,,,,,,,,,,,,,,,,
39,1467,1.01,******,,,,,,,,,,,,,,,,,
40,1473,1.02,******,,,,,,,,,,,,,,,,,
41,1410,0.97,******,,,,,,,,,,,,,,,,,
42,1610,1.11,*******,,,,,,,,,,,,,,,,,
43,1555,1.07,******,,,,,,,,,,,,,,,,,
ÇSíiäK,25252,17.425507,,,,,,,,,,,,,,,,,,
44,1547,1.07,******,,,,,,,,,,,,,,,,,
45,1542,1.06,******,,,,,,,,,,,,,,,,,
46,1482,1.02,******,,,,,,,,,,,,,,,,,
47,1609,1.11,*******,,,,,,,,,,,,,,,,,
48,1649,1.14,*******,,,,,,,,,,,,,,,,,
49,1620,1.12,*******,,,,,,,,,,,,,,,,,
50,1691,1.17,*******,,,,,,,,,,,,,,,,,
51,1596,1.1,*******,,,,,,,,,,,,,,,,,
52,1746,1.2,*******,,,,,,,,,,,,,,,,,
53,1751,1.21,*******,,,,,,,,,,,,,,,,,
54,1733,1.2,*******,,,,,,,,,,,,,,,,,
55,1760,1.21,*******,,,,,,,,,,,,,,,,,
56,1788,1.23,*******,,,,,,,,,,,,,,,,,
57,1828,1.26,********,,,,,,,,,,,,,,,,,
58,1910,1.32,********,,,,,,,,,,,,,,,,,
ÇTíiäK,26477,18.270836,,,,,,,,,,,,,,,,,,
59,1926,1.33,********,,,,,,,,,,,,,,,,,
60,1907,1.32,********,,,,,,,,,,,,,,,,,
61,1861,1.28,********,,,,,,,,,,,,,,,,,
62,2122,1.46,*********,,,,,,,,,,,,,,,,,
63,1957,1.35,********,,,,,,,,,,,,,,,,,
64,1932,1.33,********,,,,,,,,,,,,,,,,,
65,2113,1.46,*********,,,,,,,,,,,,,,,,,
66,1915,1.32,********,,,,,,,,,,,,,,,,,
67,2491,1.72,**********,,,,,,,,,,,,,,,,,
68,1995,1.38,********,,,,,,,,,,,,,,,,,
69,2209,1.52,*********,,,,,,,,,,,,,,,,,
70,2154,1.49,*********,,,,,,,,,,,,,,,,,
71,1895,1.31,********,,,,,,,,,,,,,,,,,
ÇUíiäK,26264,18.123852,,,,,,,,,,,,,,,,,,
72,2900,2,************,,,,,,,,,,,,,,,,,
73,2032,1.4,********,,,,,,,,,,,,,,,,,
74,2261,1.56,*********,,,,,,,,,,,,,,,,,
75,2234,1.54,*********,,,,,,,,,,,,,,,,,
76,1727,1.19,*******,,,,,,,,,,,,,,,,,
77,3322,2.29,**************,,,,,,,,,,,,,,,,,
78,1729,1.19,*******,,,,,,,,,,,,,,,,,
79,2316,1.6,**********,,,,,,,,,,,,,,,,,
80,2360,1.63,**********,,,,,,,,,,,,,,,,,
81,1458,1.01,******,,,,,,,,,,,,,,,,,
82,3925,2.71,****************,,,,,,,,,,,,,,,,,
ÇVíiäK,17926,12.370095,,,,,,,,,,,,,,,,,,
83,1458,1.01,******,,,,,,,,,,,,,,,,,
84,2283,1.58,*********,,,,,,,,,,,,,,,,,
85,2624,1.81,***********,,,,,,,,,,,,,,,,,
86,1063,0.73,****,,,,,,,,,,,,,,,,,
87,4220,2.91,*****************,,,,,,,,,,,,,,,,,
88,949,0.65,****,,,,,,,,,,,,,,,,,
89,1609,1.11,*******,,,,,,,,,,,,,,,,,
90,3121,2.15,*************,,,,,,,,,,,,,,,,,
91,599,0.41,**,,,,,,,,,,,,,,,,,
ÇWíiäK,9499,6.554922,,,,,,,,,,,,,,,,,,
92,4026,2.78,*****************,,,,,,,,,,,,,,,,,
93,527,0.36,**,,,,,,,,,,,,,,,,,
94,769,0.53,***,,,,,,,,,,,,,,,,,
95,3987,2.75,*****************,,,,,,,,,,,,,,,,,
96,190,0.13,*,,,,,,,,,,,,,,,,,
ÇXíiäK,7126,4.917399,,,,,,,,,,,,,,,,,,
97,2586,1.78,***********,,,,,,,,,,,,,,,,,
98,165,0.11,*,,,,,,,,,,,,,,,,,
99,0,0,,,,,,,,,,,,,,,,,,
100,4375,3.02,******************,,,,,,,,,,,,,,,,,
óﬂòaÇTîNìx â»ñ⁄ï ê¨ê—ï™ïzê}Åiñ{ééå±Åj,óﬂòa5îN2åé2ì˙,,,,,,,,,,,,,,,,,,,
â»ñ⁄ñº,ñûì_,ç≈çÇì_,ç≈í·ì_,ïΩãœì_,ïWèÄïŒç∑,éÛå±é“êî,ìæì_ó¶,ÇTï™ílÇeÇP,ÇTï™ílÇeÇQ,ÇTï™ílÇeÇR,ÇTï™ílÇeÇS,ÇPíiäK,ÇQíiäK,ÇRíiäK,ÇSíiäK,ÇTíiäK,ÇUíiäK,ÇVíiäK,ÇWíiäK,ÇXíiäK
âªäw,100,100,0,54.01,20.71,182224,0.5401,33,47,60,74,0Å`18,19Å`26,27Å`36,37Å`46,47Å`59,60Å`71,72Å`80,81Å`88,89Å`100
ì_êî,êlêî,î‰ó¶ÅiÅìÅj,,,,,,,,,,,,,,,,,,
ÇPíiäK,6475,3.553318,,,,,,,,,,,,,,,,,,
0,38,0.02,,,,,,,,,,,,,,,,,,
1,0,0,,,,,,,,,,,,,,,,,,
2,14,0.01,,,,,,,,,,,,,,,,,,
3,25,0.01,,,,,,,,,,,,,,,,,,
4,32,0.02,,,,,,,,,,,,,,,,,,
5,53,0.03,,,,,,,,,,,,,,,,,,
6,93,0.05,,,,,,,,,,,,,,,,,,
7,92,0.05,,,,,,,,,,,,,,,,,,
8,153,0.08,*,,,,,,,,,,,,,,,,,
9,221,0.12,*,,,,,,,,,,,,,,,,,
10,243,0.13,*,,,,,,,,,,,,,,,,,
11,391,0.21,*,,,,,,,,,,,,,,,,,
12,563,0.31,**,,,,,,,,,,,,,,,,,
13,0,0,,,,,,,,,,,,,,,,,,
14,618,0.34,**,,,,,,,,,,,,,,,,,
15,724,0.4,**,,,,,,,,,,,,,,,,,
16,912,0.5,***,,,,,,,,,,,,,,,,,
17,1091,0.6,****,,,,,,,,,,,,,,,,,
18,1212,0.67,****,,,,,,,,,,,,,,,,,
ÇQíiäK,11799,6.474997,,,,,,,,,,,,,,,,,,
19,1519,0.83,*****,,,,,,,,,,,,,,,,,
20,0,0,,,,,,,,,,,,,,,,,,
21,1612,0.88,*****,,,,,,,,,,,,,,,,,
22,1979,1.09,*******,,,,,,,,,,,,,,,,,
23,2040,1.12,*******,,,,,,,,,,,,,,,,,
24,2259,1.24,*******,,,,,,,,,,,,,,,,,
25,0,0,,,,,,,,,,,,,,,,,,
26,2390,1.31,********,,,,,,,,,,,,,,,,,
ÇRíiäK,23375,12.827618,,,,,,,,,,,,,,,,,,
27,2552,1.4,********,,,,,,,,,,,,,,,,,
28,2647,1.45,*********,,,,,,,,,,,,,,,,,
29,2811,1.54,*********,,,,,,,,,,,,,,,,,
30,0,0,,,,,,,,,,,,,,,,,,
31,3058,1.68,**********,,,,,,,,,,,,,,,,,
32,3060,1.68,**********,,,,,,,,,,,,,,,,,
33,3091,1.7,**********,,,,,,,,,,,,,,,,,
34,3163,1.74,**********,,,,,,,,,,,,,,,,,
35,0,0,,,,,,,,,,,,,,,,,,
36,2993,1.64,**********,,,,,,,,,,,,,,,,,
ÇSíiäK,28867,15.841491,,,,,,,,,,,,,,,,,,
37,3231,1.77,***********,,,,,,,,,,,,,,,,,
38,3148,1.73,**********,,,,,,,,,,,,,,,,,
39,3310,1.82,***********,,,,,,,,,,,,,,,,,
40,3207,1.76,***********,,,,,,,,,,,,,,,,,
41,0,0,,,,,,,,,,,,,,,,,,
42,3092,1.7,**********,,,,,,,,,,,,,,,,,
43,3247,1.78,***********,,,,,,,,,,,,,,,,,
44,3216,1.76,***********,,,,,,,,,,,,,,,,,
45,3216,1.76,***********,,,,,,,,,,,,,,,,,
46,3200,1.76,***********,,,,,,,,,,,,,,,,,
ÇTíiäK,36978,20.292606,,,,,,,,,,,,,,,,,,
47,3170,1.74,**********,,,,,,,,,,,,,,,,,
48,0,0,,,,,,,,,,,,,,,,,,
49,3193,1.75,***********,,,,,,,,,,,,,,,,,
50,3090,1.7,**********,,,,,,,,,,,,,,,,,
51,3187,1.75,**********,,,,,,,,,,,,,,,,,
52,3227,1.77,***********,,,,,,,,,,,,,,,,,
53,3096,1.7,**********,,,,,,,,,,,,,,,,,
54,3092,1.7,**********,,,,,,,,,,,,,,,,,
55,3098,1.7,**********,,,,,,,,,,,,,,,,,
56,2917,1.6,**********,,,,,,,,,,,,,,,,,
57,3089,1.7,**********,,,,,,,,,,,,,,,,,
58,2912,1.6,**********,,,,,,,,,,,,,,,,,
59,2907,1.6,**********,,,,,,,,,,,,,,,,,
ÇUíiäK,32308,17.729827,,,,,,,,,,,,,,,,,,
60,2893,1.59,**********,,,,,,,,,,,,,,,,,
61,2880,1.58,*********,,,,,,,,,,,,,,,,,
62,2997,1.64,**********,,,,,,,,,,,,,,,,,
63,2698,1.48,*********,,,,,,,,,,,,,,,,,
64,2700,1.48,*********,,,,,,,,,,,,,,,,,
65,2696,1.48,*********,,,,,,,,,,,,,,,,,
66,2753,1.51,*********,,,,,,,,,,,,,,,,,
67,2609,1.43,*********,,,,,,,,,,,,,,,,,
68,2621,1.44,*********,,,,,,,,,,,,,,,,,
69,2571,1.41,********,,,,,,,,,,,,,,,,,
70,2414,1.32,********,,,,,,,,,,,,,,,,,
71,2476,1.36,********,,,,,,,,,,,,,,,,,
ÇVíiäK,21018,11.534155,,,,,,,,,,,,,,,,,,
72,2392,1.31,********,,,,,,,,,,,,,,,,,
73,2405,1.32,********,,,,,,,,,,,,,,,,,
74,2280,1.25,********,,,,,,,,,,,,,,,,,
75,4357,2.39,**************,,,,,,,,,,,,,,,,,
76,2024,1.11,*******,,,,,,,,,,,,,,,,,
77,2038,1.12,*******,,,,,,,,,,,,,,,,,
78,1943,1.07,******,,,,,,,,,,,,,,,,,
79,1773,0.97,******,,,,,,,,,,,,,,,,,
80,1806,0.99,******,,,,,,,,,,,,,,,,,
ÇWíiäK,13652,7.491878,,,,,,,,,,,,,,,,,,
81,1880,1.03,******,,,,,,,,,,,,,,,,,
82,1582,0.87,*****,,,,,,,,,,,,,,,,,
83,1509,0.83,*****,,,,,,,,,,,,,,,,,
84,3001,1.65,**********,,,,,,,,,,,,,,,,,
85,1279,0.7,****,,,,,,,,,,,,,,,,,
86,1174,0.64,****,,,,,,,,,,,,,,,,,
87,1251,0.69,****,,,,,,,,,,,,,,,,,
88,1976,1.08,*******,,,,,,,,,,,,,,,,,
ÇXíiäK,7752,4.254104,,,,,,,,,,,,,,,,,,
89,902,0.49,***,,,,,,,,,,,,,,,,,
90,974,0.53,***,,,,,,,,,,,,,,,,,
91,801,0.44,***,,,,,,,,,,,,,,,,,
92,614,0.34,**,,,,,,,,,,,,,,,,,
93,1478,0.81,*****,,,,,,,,,,,,,,,,,
94,382,0.21,*,,,,,,,,,,,,,,,,,
95,1022,0.56,***,,,,,,,,,,,,,,,,,
96,428,0.23,*,,,,,,,,,,,,,,,,,
97,446,0.24,*,,,,,,,,,,,,,,,,,
98,364,0.2,*,,,,,,,,,,,,,,,,,
99,64,0.04,,,,,,,,,,,,,,,,,,
100,277,0.15,*,,,,,,,,,,,,,,,,,
óﬂòaÇTîNìx â»ñ⁄ï ê¨ê—ï™ïzê}Åiñ{ééå±Åj,óﬂòa5îN2åé2ì˙,,,,,,,,,,,,,,,,,,,
â»ñ⁄ñº,ñûì_,ç≈çÇì_,ç≈í·ì_,ïΩãœì_,ïWèÄïŒç∑,éÛå±é“êî,ìæì_ó¶,ÇTï™ílÇeÇP,ÇTï™ílÇeÇQ,ÇTï™ílÇeÇR,ÇTï™ílÇeÇS,ÇPíiäK,ÇQíiäK,ÇRíiäK,ÇSíiäK,ÇTíiäK,ÇUíiäK,ÇVíiäK,ÇWíiäK,ÇXíiäK
ê∂ï®,100,99,0,48.46,17.45,57895,0.4846,31,43,52,63,0Å`18,19Å`26,27Å`33,34Å`42,43Å`52,53Å`61,62Å`70,71Å`78,79Å`100
ì_êî,êlêî,î‰ó¶ÅiÅìÅj,,,,,,,,,,,,,,,,,,
ÇPíiäK,1960,3.385439,,,,,,,,,,,,,,,,,,
0,12,0.02,,,,,,,,,,,,,,,,,,
1,1,0,,,,,,,,,,,,,,,,,,
2,0,0,,,,,,,,,,,,,,,,,,
3,6,0.01,,,,,,,,,,,,,,,,,,
4,21,0.04,,,,,,,,,,,,,,,,,,
5,15,0.03,,,,,,,,,,,,,,,,,,
6,19,0.03,,,,,,,,,,,,,,,,,,
7,67,0.12,*,,,,,,,,,,,,,,,,,
8,51,0.09,*,,,,,,,,,,,,,,,,,
9,55,0.09,*,,,,,,,,,,,,,,,,,
10,135,0.23,*,,,,,,,,,,,,,,,,,
11,0,0,,,,,,,,,,,,,,,,,,
12,184,0.32,**,,,,,,,,,,,,,,,,,
13,146,0.25,**,,,,,,,,,,,,,,,,,
14,184,0.32,**,,,,,,,,,,,,,,,,,
15,316,0.55,***,,,,,,,,,,,,,,,,,
16,418,0.72,****,,,,,,,,,,,,,,,,,
17,330,0.57,***,,,,,,,,,,,,,,,,,
18,0,0,,,,,,,,,,,,,,,,,,
ÇQíiäK,4353,7.518784,,,,,,,,,,,,,,,,,,
19,447,0.77,*****,,,,,,,,,,,,,,,,,
20,661,1.14,*******,,,,,,,,,,,,,,,,,
21,719,1.24,*******,,,,,,,,,,,,,,,,,
22,0,0,,,,,,,,,,,,,,,,,,
23,654,1.13,*******,,,,,,,,,,,,,,,,,
24,799,1.38,********,,,,,,,,,,,,,,,,,
25,1073,1.85,***********,,,,,,,,,,,,,,,,,
26,0,0,,,,,,,,,,,,,,,,,,
ÇRíiäK,5998,10.360134,,,,,,,,,,,,,,,,,,
27,1039,1.79,***********,,,,,,,,,,,,,,,,,
28,1003,1.73,**********,,,,,,,,,,,,,,,,,
29,0,0,,,,,,,,,,,,,,,,,,
30,1253,2.16,*************,,,,,,,,,,,,,,,,,
31,1401,2.42,***************,,,,,,,,,,,,,,,,,
32,1302,2.25,*************,,,,,,,,,,,,,,,,,
33,0,0,,,,,,,,,,,,,,,,,,
ÇSíiäK,9247,15.972018,,,,,,,,,,,,,,,,,,
34,1342,2.32,**************,,,,,,,,,,,,,,,,,
35,1554,2.68,****************,,,,,,,,,,,,,,,,,
36,0,0,,,,,,,,,,,,,,,,,,
37,1539,2.66,****************,,,,,,,,,,,,,,,,,
38,1555,2.69,****************,,,,,,,,,,,,,,,,,
39,0,0,,,,,,,,,,,,,,,,,,
40,1585,2.74,****************,,,,,,,,,,,,,,,,,
41,1672,2.89,*****************,,,,,,,,,,,,,,,,,
42,0,0,,,,,,,,,,,,,,,,,,
ÇTíiäK,12531,21.644356,,,,,,,,,,,,,,,,,,
43,1700,2.94,******************,,,,,,,,,,,,,,,,,
44,1503,2.6,****************,,,,,,,,,,,,,,,,,
45,0,0,,,,,,,,,,,,,,,,,,
46,1582,2.73,****************,,,,,,,,,,,,,,,,,
47,1744,3.01,******************,,,,,,,,,,,,,,,,,
48,1559,2.69,****************,,,,,,,,,,,,,,,,,
49,0,0,,,,,,,,,,,,,,,,,,
50,1477,2.55,***************,,,,,,,,,,,,,,,,,
51,1506,2.6,****************,,,,,,,,,,,,,,,,,
52,1460,2.52,***************,,,,,,,,,,,,,,,,,
ÇUíiäK,9826,16.972104,,,,,,,,,,,,,,,,,,
53,1406,2.43,***************,,,,,,,,,,,,,,,,,
54,0,0,,,,,,,,,,,,,,,,,,
55,1344,2.32,**************,,,,,,,,,,,,,,,,,
56,1300,2.25,*************,,,,,,,,,,,,,,,,,
57,1255,2.17,*************,,,,,,,,,,,,,,,,,
58,1175,2.03,************,,,,,,,,,,,,,,,,,
59,1162,2.01,************,,,,,,,,,,,,,,,,,
60,1084,1.87,***********,,,,,,,,,,,,,,,,,
61,1100,1.9,***********,,,,,,,,,,,,,,,,,
ÇVíiäK,7425,12.824941,,,,,,,,,,,,,,,,,,
62,1065,1.84,***********,,,,,,,,,,,,,,,,,
63,1003,1.73,**********,,,,,,,,,,,,,,,,,
64,950,1.64,**********,,,,,,,,,,,,,,,,,
65,921,1.59,**********,,,,,,,,,,,,,,,,,
66,727,1.26,********,,,,,,,,,,,,,,,,,
67,764,1.32,********,,,,,,,,,,,,,,,,,
68,739,1.28,********,,,,,,,,,,,,,,,,,
69,686,1.18,*******,,,,,,,,,,,,,,,,,
70,570,0.98,******,,,,,,,,,,,,,,,,,
ÇWíiäK,4096,7.074876,,,,,,,,,,,,,,,,,,
71,583,1.01,******,,,,,,,,,,,,,,,,,
72,529,0.91,*****,,,,,,,,,,,,,,,,,
73,907,1.57,*********,,,,,,,,,,,,,,,,,
74,422,0.73,****,,,,,,,,,,,,,,,,,
75,399,0.69,****,,,,,,,,,,,,,,,,,
76,339,0.59,****,,,,,,,,,,,,,,,,,
77,327,0.56,***,,,,,,,,,,,,,,,,,
78,590,1.02,******,,,,,,,,,,,,,,,,,
ÇXíiäK,2459,4.247344,,,,,,,,,,,,,,,,,,
79,256,0.44,***,,,,,,,,,,,,,,,,,
80,271,0.47,***,,,,,,,,,,,,,,,,,
81,231,0.4,**,,,,,,,,,,,,,,,,,
82,366,0.63,****,,,,,,,,,,,,,,,,,
83,171,0.3,**,,,,,,,,,,,,,,,,,
84,258,0.45,***,,,,,,,,,,,,,,,,,
85,102,0.18,*,,,,,,,,,,,,,,,,,
86,128,0.22,*,,,,,,,,,,,,,,,,,
87,178,0.31,**,,,,,,,,,,,,,,,,,
88,147,0.25,**,,,,,,,,,,,,,,,,,
89,56,0.1,*,,,,,,,,,,,,,,,,,
90,89,0.15,*,,,,,,,,,,,,,,,,,
91,49,0.08,*,,,,,,,,,,,,,,,,,
92,68,0.12,*,,,,,,,,,,,,,,,,,
93,18,0.03,,,,,,,,,,,,,,,,,,
94,38,0.07,,,,,,,,,,,,,,,,,,
95,9,0.02,,,,,,,,,,,,,,,,,,
96,18,0.03,,,,,,,,,,,,,,,,,,
97,5,0.01,,,,,,,,,,,,,,,,,,
98,0,0,,,,,,,,,,,,,,,,,,
99,1,0,,,,,,,,,,,,,,,,,,
100,0,0,,,,,,,,,,,,,,,,,,
óﬂòaÇTîNìx â»ñ⁄ï ê¨ê—ï™ïzê}Åiñ{ééå±Åj,óﬂòa5îN2åé2ì˙,,,,,,,,,,,,,,,,,,,
â»ñ⁄ñº,ñûì_,ç≈çÇì_,ç≈í·ì_,ïΩãœì_,ïWèÄïŒç∑,éÛå±é“êî,ìæì_ó¶,ÇTï™ílÇeÇP,ÇTï™ílÇeÇQ,ÇTï™ílÇeÇR,ÇTï™ílÇeÇS,ÇPíiäK,ÇQíiäK,ÇRíiäK,ÇSíiäK,ÇTíiäK,ÇUíiäK,ÇVíiäK,ÇWíiäK,ÇXíiäK
ínäw,100,100,0,49.85,20.56,1659,0.4985,32,40,51,69,0Å`21,22Å`26,27Å`32,33Å`40,41Å`50,51Å`65,66Å`80,81Å`89,90Å`100
ì_êî,êlêî,î‰ó¶ÅiÅìÅj,,,,,,,,,,,,,,,,,,
ÇPíiäK,65,3.918022,,,,,,,,,,,,,,,,,,
0,3,0.18,*,,,,,,,,,,,,,,,,,
1,0,0,,,,,,,,,,,,,,,,,,
2,0,0,,,,,,,,,,,,,,,,,,
3,0,0,,,,,,,,,,,,,,,,,,
4,1,0.06,,,,,,,,,,,,,,,,,,
5,0,0,,,,,,,,,,,,,,,,,,
6,0,0,,,,,,,,,,,,,,,,,,
7,0,0,,,,,,,,,,,,,,,,,,
8,1,0.06,,,,,,,,,,,,,,,,,,
9,0,0,,,,,,,,,,,,,,,,,,
10,0,0,,,,,,,,,,,,,,,,,,
11,6,0.36,**,,,,,,,,,,,,,,,,,
12,0,0,,,,,,,,,,,,,,,,,,
13,0,0,,,,,,,,,,,,,,,,,,
14,2,0.12,*,,,,,,,,,,,,,,,,,
15,5,0.3,**,,,,,,,,,,,,,,,,,
16,2,0.12,*,,,,,,,,,,,,,,,,,
17,3,0.18,*,,,,,,,,,,,,,,,,,
18,9,0.54,***,,,,,,,,,,,,,,,,,
19,8,0.48,***,,,,,,,,,,,,,,,,,
20,8,0.48,***,,,,,,,,,,,,,,,,,
21,17,1.02,******,,,,,,,,,,,,,,,,,
ÇQíiäK,115,6.931886,,,,,,,,,,,,,,,,,,
22,26,1.57,*********,,,,,,,,,,,,,,,,,
23,17,1.02,******,,,,,,,,,,,,,,,,,
24,13,0.78,*****,,,,,,,,,,,,,,,,,
25,24,1.45,*********,,,,,,,,,,,,,,,,,
26,35,2.11,*************,,,,,,,,,,,,,,,,,
ÇRíiäK,169,10.186859,,,,,,,,,,,,,,,,,,
27,16,0.96,******,,,,,,,,,,,,,,,,,
28,21,1.27,********,,,,,,,,,,,,,,,,,
29,33,1.99,************,,,,,,,,,,,,,,,,,
30,40,2.41,**************,,,,,,,,,,,,,,,,,
31,20,1.21,*******,,,,,,,,,,,,,,,,,
32,39,2.35,**************,,,,,,,,,,,,,,,,,
ÇSíiäK,303,18.264014,,,,,,,,,,,,,,,,,,
33,52,3.13,*******************,,,,,,,,,,,,,,,,,
34,35,2.11,*************,,,,,,,,,,,,,,,,,
35,24,1.45,*********,,,,,,,,,,,,,,,,,
36,40,2.41,**************,,,,,,,,,,,,,,,,,
37,46,2.77,*****************,,,,,,,,,,,,,,,,,
38,34,2.05,************,,,,,,,,,,,,,,,,,
39,28,1.69,**********,,,,,,,,,,,,,,,,,
40,44,2.65,****************,,,,,,,,,,,,,,,,,
ÇTíiäK,318,19.168173,,,,,,,,,,,,,,,,,,
41,34,2.05,************,,,,,,,,,,,,,,,,,
42,26,1.57,*********,,,,,,,,,,,,,,,,,
43,45,2.71,****************,,,,,,,,,,,,,,,,,
44,43,2.59,****************,,,,,,,,,,,,,,,,,
45,35,2.11,*************,,,,,,,,,,,,,,,,,
46,19,1.15,*******,,,,,,,,,,,,,,,,,
47,41,2.47,***************,,,,,,,,,,,,,,,,,
48,34,2.05,************,,,,,,,,,,,,,,,,,
49,17,1.02,******,,,,,,,,,,,,,,,,,
50,24,1.45,*********,,,,,,,,,,,,,,,,,
ÇUíiäK,294,17.721518,,,,,,,,,,,,,,,,,,
51,31,1.87,***********,,,,,,,,,,,,,,,,,
52,33,1.99,************,,,,,,,,,,,,,,,,,
53,23,1.39,********,,,,,,,,,,,,,,,,,
54,21,1.27,********,,,,,,,,,,,,,,,,,
55,24,1.45,*********,,,,,,,,,,,,,,,,,
56,18,1.08,*******,,,,,,,,,,,,,,,,,
57,11,0.66,****,,,,,,,,,,,,,,,,,
58,25,1.51,*********,,,,,,,,,,,,,,,,,
59,13,0.78,*****,,,,,,,,,,,,,,,,,
60,14,0.84,*****,,,,,,,,,,,,,,,,,
61,10,0.6,****,,,,,,,,,,,,,,,,,
62,27,1.63,**********,,,,,,,,,,,,,,,,,
63,20,1.21,*******,,,,,,,,,,,,,,,,,
64,12,0.72,****,,,,,,,,,,,,,,,,,
65,12,0.72,****,,,,,,,,,,,,,,,,,
ÇVíiäK,207,12.477396,,,,,,,,,,,,,,,,,,
66,25,1.51,*********,,,,,,,,,,,,,,,,,
67,15,0.9,*****,,,,,,,,,,,,,,,,,
68,9,0.54,***,,,,,,,,,,,,,,,,,
69,15,0.9,*****,,,,,,,,,,,,,,,,,
70,19,1.15,*******,,,,,,,,,,,,,,,,,
71,7,0.42,***,,,,,,,,,,,,,,,,,
72,7,0.42,***,,,,,,,,,,,,,,,,,
73,25,1.51,*********,,,,,,,,,,,,,,,,,
74,21,1.27,********,,,,,,,,,,,,,,,,,
75,9,0.54,***,,,,,,,,,,,,,,,,,
76,5,0.3,**,,,,,,,,,,,,,,,,,
77,20,1.21,*******,,,,,,,,,,,,,,,,,
78,19,1.15,*******,,,,,,,,,,,,,,,,,
79,5,0.3,**,,,,,,,,,,,,,,,,,
80,6,0.36,**,,,,,,,,,,,,,,,,,
ÇWíiäK,114,6.871609,,,,,,,,,,,,,,,,,,
81,24,1.45,*********,,,,,,,,,,,,,,,,,
82,15,0.9,*****,,,,,,,,,,,,,,,,,
83,2,0.12,*,,,,,,,,,,,,,,,,,
84,8,0.48,***,,,,,,,,,,,,,,,,,
85,26,1.57,*********,,,,,,,,,,,,,,,,,
86,12,0.72,****,,,,,,,,,,,,,,,,,
87,1,0.06,,,,,,,,,,,,,,,,,,
88,8,0.48,***,,,,,,,,,,,,,,,,,
89,18,1.08,*******,,,,,,,,,,,,,,,,,
ÇXíiäK,74,4.460518,,,,,,,,,,,,,,,,,,
90,9,0.54,***,,,,,,,,,,,,,,,,,
91,2,0.12,*,,,,,,,,,,,,,,,,,
92,12,0.72,****,,,,,,,,,,,,,,,,,
93,11,0.66,****,,,,,,,,,,,,,,,,,
94,2,0.12,*,,,,,,,,,,,,,,,,,
95,0,0,,,,,,,,,,,,,,,,,,
96,12,0.72,****,,,,,,,,,,,,,,,,,
97,11,0.66,****,,,,,,,,,,,,,,,,,
98,0,0,,,,,,,,,,,,,,,,,,
99,0,0,,,,,,,,,,,,,,,,,,
100,15,0.9,*****,,,,,,,,,,,,,,,,,
óﬂòaÇTîNìx ã≥â»ï ê¨ê—ï™ïzê}Åiñ{ééå±Åj,óﬂòa5îN2åé2ì˙,,,,,,,,,,,,,,,,,,,
ã≥â»ñº,ñûì_,ç≈çÇì_,ç≈í·ì_,ïΩãœì_,ïWèÄïŒç∑,éÛå±é“êî,ìæì_ó¶,ÇTï™ílÇeÇP,ÇTï™ílÇeÇQ,ÇTï™ílÇeÇR,ÇTï™ílÇeÇS,,,,,,,,,
âpåÍÅiÉäÅ[ÉfÉBÉìÉOÅj,100,100,0,53.81,20.99,463985,0.5381,33,46,59,74,,,,,,,,,
ì_êî,êlêî,î‰ó¶ÅiÅìÅj,,,,,,,,,,,,,,,,,,
0,40,0.01,,,,,,,,,,,,,,,,,,
1,0,0,,,,,,,,,,,,,,,,,,
2,18,0,,,,,,,,,,,,,,,,,,
3,10,0,,,,,,,,,,,,,,,,,,
4,39,0.01,,,,,,,,,,,,,,,,,,
5,23,0,,,,,,,,,,,,,,,,,,
6,65,0.01,,,,,,,,,,,,,,,,,,
7,121,0.03,,,,,,,,,,,,,,,,,,
8,166,0.04,,,,,,,,,,,,,,,,,,
9,237,0.05,,,,,,,,,,,,,,,,,,
10,352,0.08,,,,,,,,,,,,,,,,,,
11,476,0.1,*,,,,,,,,,,,,,,,,,
12,732,0.16,*,,,,,,,,,,,,,,,,,
13,923,0.2,*,,,,,,,,,,,,,,,,,
14,1237,0.27,**,,,,,,,,,,,,,,,,,
15,1516,0.33,**,,,,,,,,,,,,,,,,,
16,1869,0.4,**,,,,,,,,,,,,,,,,,
17,2258,0.49,***,,,,,,,,,,,,,,,,,
18,2676,0.58,***,,,,,,,,,,,,,,,,,
19,3125,0.67,****,,,,,,,,,,,,,,,,,
20,3564,0.77,*****,,,,,,,,,,,,,,,,,
21,4046,0.87,*****,,,,,,,,,,,,,,,,,
22,4441,0.96,******,,,,,,,,,,,,,,,,,
23,4911,1.06,******,,,,,,,,,,,,,,,,,
24,5246,1.13,*******,,,,,,,,,,,,,,,,,
25,5473,1.18,*******,,,,,,,,,,,,,,,,,
26,5772,1.24,*******,,,,,,,,,,,,,,,,,
27,6002,1.29,********,,,,,,,,,,,,,,,,,
28,6013,1.3,********,,,,,,,,,,,,,,,,,
29,6426,1.38,********,,,,,,,,,,,,,,,,,
30,6435,1.39,********,,,,,,,,,,,,,,,,,
31,6600,1.42,*********,,,,,,,,,,,,,,,,,
32,6669,1.44,*********,,,,,,,,,,,,,,,,,
33,6824,1.47,*********,,,,,,,,,,,,,,,,,
34,6817,1.47,*********,,,,,,,,,,,,,,,,,
35,6927,1.49,*********,,,,,,,,,,,,,,,,,
36,6826,1.47,*********,,,,,,,,,,,,,,,,,
37,6968,1.5,*********,,,,,,,,,,,,,,,,,
38,6921,1.49,*********,,,,,,,,,,,,,,,,,
39,6991,1.51,*********,,,,,,,,,,,,,,,,,
40,6796,1.46,*********,,,,,,,,,,,,,,,,,
41,7000,1.51,*********,,,,,,,,,,,,,,,,,
42,7003,1.51,*********,,,,,,,,,,,,,,,,,
43,6936,1.49,*********,,,,,,,,,,,,,,,,,
44,6951,1.5,*********,,,,,,,,,,,,,,,,,
45,6835,1.47,*********,,,,,,,,,,,,,,,,,
46,7037,1.52,*********,,,,,,,,,,,,,,,,,
47,7038,1.52,*********,,,,,,,,,,,,,,,,,
48,7145,1.54,*********,,,,,,,,,,,,,,,,,
49,7157,1.54,*********,,,,,,,,,,,,,,,,,
50,7009,1.51,*********,,,,,,,,,,,,,,,,,
51,7090,1.53,*********,,,,,,,,,,,,,,,,,
52,6986,1.51,*********,,,,,,,,,,,,,,,,,
53,6969,1.5,*********,,,,,,,,,,,,,,,,,
54,7037,1.52,*********,,,,,,,,,,,,,,,,,
55,6946,1.5,*********,,,,,,,,,,,,,,,,,
56,6899,1.49,*********,,,,,,,,,,,,,,,,,
57,6953,1.5,*********,,,,,,,,,,,,,,,,,
58,6943,1.5,*********,,,,,,,,,,,,,,,,,
59,7029,1.51,*********,,,,,,,,,,,,,,,,,
60,6880,1.48,*********,,,,,,,,,,,,,,,,,
61,7014,1.51,*********,,,,,,,,,,,,,,,,,
62,6756,1.46,*********,,,,,,,,,,,,,,,,,
63,6770,1.46,*********,,,,,,,,,,,,,,,,,
64,6803,1.47,*********,,,,,,,,,,,,,,,,,
65,6723,1.45,*********,,,,,,,,,,,,,,,,,
66,6448,1.39,********,,,,,,,,,,,,,,,,,
67,6506,1.4,********,,,,,,,,,,,,,,,,,
68,6510,1.4,********,,,,,,,,,,,,,,,,,
69,6323,1.36,********,,,,,,,,,,,,,,,,,
70,6375,1.37,********,,,,,,,,,,,,,,,,,
71,6202,1.34,********,,,,,,,,,,,,,,,,,
72,6152,1.33,********,,,,,,,,,,,,,,,,,
73,6066,1.31,********,,,,,,,,,,,,,,,,,
74,6038,1.3,********,,,,,,,,,,,,,,,,,
75,5906,1.27,********,,,,,,,,,,,,,,,,,
76,5562,1.2,*******,,,,,,,,,,,,,,,,,
77,5510,1.19,*******,,,,,,,,,,,,,,,,,
78,5517,1.19,*******,,,,,,,,,,,,,,,,,
79,5299,1.14,*******,,,,,,,,,,,,,,,,,
80,5208,1.12,*******,,,,,,,,,,,,,,,,,
81,4945,1.07,******,,,,,,,,,,,,,,,,,
82,4770,1.03,******,,,,,,,,,,,,,,,,,
83,4577,0.99,******,,,,,,,,,,,,,,,,,
84,4302,0.93,******,,,,,,,,,,,,,,,,,
85,4473,0.96,******,,,,,,,,,,,,,,,,,
86,3932,0.85,*****,,,,,,,,,,,,,,,,,
87,3849,0.83,*****,,,,,,,,,,,,,,,,,
88,3831,0.83,*****,,,,,,,,,,,,,,,,,
89,3027,0.65,****,,,,,,,,,,,,,,,,,
90,3595,0.77,*****,,,,,,,,,,,,,,,,,
91,2656,0.57,***,,,,,,,,,,,,,,,,,
92,2749,0.59,****,,,,,,,,,,,,,,,,,
93,2735,0.59,****,,,,,,,,,,,,,,,,,
94,1537,0.33,**,,,,,,,,,,,,,,,,,
95,2844,0.61,****,,,,,,,,,,,,,,,,,
96,628,0.14,*,,,,,,,,,,,,,,,,,
97,1715,0.37,**,,,,,,,,,,,,,,,,,
98,918,0.2,*,,,,,,,,,,,,,,,,,
99,0,0,,,,,,,,,,,,,,,,,,
100,820,0.18,*,,,,,,,,,,,,,,,,,
óﬂòaÇTîNìx â»ñ⁄ï ê¨ê—ï™ïzê}Åiñ{ééå±Åj,óﬂòa5îN2åé2ì˙,,,,,,,,,,,,,,,,,,,
â»ñ⁄ñº,ñûì_,ç≈çÇì_,ç≈í·ì_,ïΩãœì_,ïWèÄïŒç∑,éÛå±é“êî,ìæì_ó¶,ÇTï™ílÇeÇP,ÇTï™ílÇeÇQ,ÇTï™ílÇeÇR,ÇTï™ílÇeÇS,ÇPíiäK,ÇQíiäK,ÇRíiäK,ÇSíiäK,ÇTíiäK,ÇUíiäK,ÇVíiäK,ÇWíiäK,ÇXíiäK
âpåÍÅiÉäÅ[ÉfÉBÉìÉOÅj,100,100,0,53.81,20.99,463985,0.5381,33,46,59,74,0Å`19,20Å`26,27Å`34,35Å`46,47Å`59,60Å`71,72Å`81,82Å`89,90Å`100
ì_êî,êlêî,î‰ó¶ÅiÅìÅj,,,,,,,,,,,,,,,,,,
ÇPíiäK,15883,3.423171,,,,,,,,,,,,,,,,,,
0,40,0.01,,,,,,,,,,,,,,,,,,
1,0,0,,,,,,,,,,,,,,,,,,
2,18,0,,,,,,,,,,,,,,,,,,
3,10,0,,,,,,,,,,,,,,,,,,
4,39,0.01,,,,,,,,,,,,,,,,,,
5,23,0,,,,,,,,,,,,,,,,,,
6,65,0.01,,,,,,,,,,,,,,,,,,
7,121,0.03,,,,,,,,,,,,,,,,,,
8,166,0.04,,,,,,,,,,,,,,,,,,
9,237,0.05,,,,,,,,,,,,,,,,,,
10,352,0.08,,,,,,,,,,,,,,,,,,
11,476,0.1,*,,,,,,,,,,,,,,,,,
12,732,0.16,*,,,,,,,,,,,,,,,,,
13,923,0.2,*,,,,,,,,,,,,,,,,,
14,1237,0.27,**,,,,,,,,,,,,,,,,,
15,1516,0.33,**,,,,,,,,,,,,,,,,,
16,1869,0.4,**,,,,,,,,,,,,,,,,,
17,2258,0.49,***,,,,,,,,,,,,,,,,,
18,2676,0.58,***,,,,,,,,,,,,,,,,,
19,3125,0.67,****,,,,,,,,,,,,,,,,,
ÇQíiäK,33453,7.209931,,,,,,,,,,,,,,,,,,
20,3564,0.77,*****,,,,,,,,,,,,,,,,,
21,4046,0.87,*****,,,,,,,,,,,,,,,,,
22,4441,0.96,******,,,,,,,,,,,,,,,,,
23,4911,1.06,******,,,,,,,,,,,,,,,,,
24,5246,1.13,*******,,,,,,,,,,,,,,,,,
25,5473,1.18,*******,,,,,,,,,,,,,,,,,
26,5772,1.24,*******,,,,,,,,,,,,,,,,,
ÇRíiäK,51786,11.161136,,,,,,,,,,,,,,,,,,
27,6002,1.29,********,,,,,,,,,,,,,,,,,
28,6013,1.3,********,,,,,,,,,,,,,,,,,
29,6426,1.38,********,,,,,,,,,,,,,,,,,
30,6435,1.39,********,,,,,,,,,,,,,,,,,
31,6600,1.42,*********,,,,,,,,,,,,,,,,,
32,6669,1.44,*********,,,,,,,,,,,,,,,,,
33,6824,1.47,*********,,,,,,,,,,,,,,,,,
34,6817,1.47,*********,,,,,,,,,,,,,,,,,
ÇSíiäK,83191,17.929674,,,,,,,,,,,,,,,,,,
35,6927,1.49,*********,,,,,,,,,,,,,,,,,
36,6826,1.47,*********,,,,,,,,,,,,,,,,,
37,6968,1.5,*********,,,,,,,,,,,,,,,,,
38,6921,1.49,*********,,,,,,,,,,,,,,,,,
39,6991,1.51,*********,,,,,,,,,,,,,,,,,
40,6796,1.46,*********,,,,,,,,,,,,,,,,,
41,7000,1.51,*********,,,,,,,,,,,,,,,,,
42,7003,1.51,*********,,,,,,,,,,,,,,,,,
43,6936,1.49,*********,,,,,,,,,,,,,,,,,
44,6951,1.5,*********,,,,,,,,,,,,,,,,,
45,6835,1.47,*********,,,,,,,,,,,,,,,,,
46,7037,1.52,*********,,,,,,,,,,,,,,,,,
ÇTíiäK,91201,19.656023,,,,,,,,,,,,,,,,,,
47,7038,1.52,*********,,,,,,,,,,,,,,,,,
48,7145,1.54,*********,,,,,,,,,,,,,,,,,
49,7157,1.54,*********,,,,,,,,,,,,,,,,,
50,7009,1.51,*********,,,,,,,,,,,,,,,,,
51,7090,1.53,*********,,,,,,,,,,,,,,,,,
52,6986,1.51,*********,,,,,,,,,,,,,,,,,
53,6969,1.5,*********,,,,,,,,,,,,,,,,,
54,7037,1.52,*********,,,,,,,,,,,,,,,,,
55,6946,1.5,*********,,,,,,,,,,,,,,,,,
56,6899,1.49,*********,,,,,,,,,,,,,,,,,
57,6953,1.5,*********,,,,,,,,,,,,,,,,,
58,6943,1.5,*********,,,,,,,,,,,,,,,,,
59,7029,1.51,*********,,,,,,,,,,,,,,,,,
ÇUíiäK,79310,17.093224,,,,,,,,,,,,,,,,,,
60,6880,1.48,*********,,,,,,,,,,,,,,,,,
61,7014,1.51,*********,,,,,,,,,,,,,,,,,
62,6756,1.46,*********,,,,,,,,,,,,,,,,,
63,6770,1.46,*********,,,,,,,,,,,,,,,,,
64,6803,1.47,*********,,,,,,,,,,,,,,,,,
65,6723,1.45,*********,,,,,,,,,,,,,,,,,
66,6448,1.39,********,,,,,,,,,,,,,,,,,
67,6506,1.4,********,,,,,,,,,,,,,,,,,
68,6510,1.4,********,,,,,,,,,,,,,,,,,
69,6323,1.36,********,,,,,,,,,,,,,,,,,
70,6375,1.37,********,,,,,,,,,,,,,,,,,
71,6202,1.34,********,,,,,,,,,,,,,,,,,
ÇVíiäK,56203,12.113107,,,,,,,,,,,,,,,,,,
72,6152,1.33,********,,,,,,,,,,,,,,,,,
73,6066,1.31,********,,,,,,,,,,,,,,,,,
74,6038,1.3,********,,,,,,,,,,,,,,,,,
75,5906,1.27,********,,,,,,,,,,,,,,,,,
76,5562,1.2,*******,,,,,,,,,,,,,,,,,
77,5510,1.19,*******,,,,,,,,,,,,,,,,,
78,5517,1.19,*******,,,,,,,,,,,,,,,,,
79,5299,1.14,*******,,,,,,,,,,,,,,,,,
80,5208,1.12,*******,,,,,,,,,,,,,,,,,
81,4945,1.07,******,,,,,,,,,,,,,,,,,
ÇWíiäK,32761,7.060788,,,,,,,,,,,,,,,,,,
82,4770,1.03,******,,,,,,,,,,,,,,,,,
83,4577,0.99,******,,,,,,,,,,,,,,,,,
84,4302,0.93,******,,,,,,,,,,,,,,,,,
85,4473,0.96,******,,,,,,,,,,,,,,,,,
86,3932,0.85,*****,,,,,,,,,,,,,,,,,
87,3849,0.83,*****,,,,,,,,,,,,,,,,,
88,3831,0.83,*****,,,,,,,,,,,,,,,,,
89,3027,0.65,****,,,,,,,,,,,,,,,,,
ÇXíiäK,20197,4.352942,,,,,,,,,,,,,,,,,,
90,3595,0.77,*****,,,,,,,,,,,,,,,,,
91,2656,0.57,***,,,,,,,,,,,,,,,,,
92,2749,0.59,****,,,,,,,,,,,,,,,,,
93,2735,0.59,****,,,,,,,,,,,,,,,,,
94,1537,0.33,**,,,,,,,,,,,,,,,,,
95,2844,0.61,****,,,,,,,,,,,,,,,,,
96,628,0.14,*,,,,,,,,,,,,,,,,,
97,1715,0.37,**,,,,,,,,,,,,,,,,,
98,918,0.2,*,,,,,,,,,,,,,,,,,
99,0,0,,,,,,,,,,,,,,,,,,
100,820,0.18,*,,,,,,,,,,,,,,,,,
óﬂòaÇTîNìx ã≥â»ï ê¨ê—ï™ïzê}Åiñ{ééå±Åj,óﬂòa5îN2åé2ì˙,,,,,,,,,,,,,,,,,,,
ã≥â»ñº,ñûì_,ç≈çÇì_,ç≈í·ì_,ïΩãœì_,ïWèÄïŒç∑,éÛå±é“êî,ìæì_ó¶,ÇTï™ílÇeÇP,ÇTï™ílÇeÇQ,ÇTï™ílÇeÇR,ÇTï™ílÇeÇS,,,,,,,,,
äOçëåÍ,200,200,0,156.49,36.67,1095,0.7825,131,161,175,185,,,,,,,,,
ì_êî,êlêî,î‰ó¶ÅiÅìÅj,,,,,,,,,,,,,,,,,,
0,1,0.09,*,,,,,,,,,,,,,,,,,
1,0,0,,,,,,,,,,,,,,,,,,
2,0,0,,,,,,,,,,,,,,,,,,
3,0,0,,,,,,,,,,,,,,,,,,
4,0,0,,,,,,,,,,,,,,,,,,
5,0,0,,,,,,,,,,,,,,,,,,
6,0,0,,,,,,,,,,,,,,,,,,
7,0,0,,,,,,,,,,,,,,,,,,
8,0,0,,,,,,,,,,,,,,,,,,
9,0,0,,,,,,,,,,,,,,,,,,
10,0,0,,,,,,,,,,,,,,,,,,
11,0,0,,,,,,,,,,,,,,,,,,
12,0,0,,,,,,,,,,,,,,,,,,
13,0,0,,,,,,,,,,,,,,,,,,
14,0,0,,,,,,,,,,,,,,,,,,
15,0,0,,,,,,,,,,,,,,,,,,
16,0,0,,,,,,,,,,,,,,,,,,
17,0,0,,,,,,,,,,,,,,,,,,
18,0,0,,,,,,,,,,,,,,,,,,
19,0,0,,,,,,,,,,,,,,,,,,
20,0,0,,,,,,,,,,,,,,,,,,
21,0,0,,,,,,,,,,,,,,,,,,
22,0,0,,,,,,,,,,,,,,,,,,
23,0,0,,,,,,,,,,,,,,,,,,
24,0,0,,,,,,,,,,,,,,,,,,
25,0,0,,,,,,,,,,,,,,,,,,
26,1,0.09,*,,,,,,,,,,,,,,,,,
27,0,0,,,,,,,,,,,,,,,,,,
28,0,0,,,,,,,,,,,,,,,,,,
29,0,0,,,,,,,,,,,,,,,,,,
30,0,0,,,,,,,,,,,,,,,,,,
31,0,0,,,,,,,,,,,,,,,,,,
32,0,0,,,,,,,,,,,,,,,,,,
33,0,0,,,,,,,,,,,,,,,,,,
34,1,0.09,*,,,,,,,,,,,,,,,,,
35,1,0.09,*,,,,,,,,,,,,,,,,,
36,0,0,,,,,,,,,,,,,,,,,,
37,1,0.09,*,,,,,,,,,,,,,,,,,
38,0,0,,,,,,,,,,,,,,,,,,
39,0,0,,,,,,,,,,,,,,,,,,
40,1,0.09,*,,,,,,,,,,,,,,,,,
41,2,0.18,*,,,,,,,,,,,,,,,,,
42,1,0.09,*,,,,,,,,,,,,,,,,,
43,0,0,,,,,,,,,,,,,,,,,,
44,1,0.09,*,,,,,,,,,,,,,,,,,
45,3,0.27,**,,,,,,,,,,,,,,,,,
46,1,0.09,*,,,,,,,,,,,,,,,,,
47,1,0.09,*,,,,,,,,,,,,,,,,,
48,0,0,,,,,,,,,,,,,,,,,,
49,0,0,,,,,,,,,,,,,,,,,,
50,0,0,,,,,,,,,,,,,,,,,,
51,4,0.37,**,,,,,,,,,,,,,,,,,
52,2,0.18,*,,,,,,,,,,,,,,,,,
53,1,0.09,*,,,,,,,,,,,,,,,,,
54,0,0,,,,,,,,,,,,,,,,,,
55,1,0.09,*,,,,,,,,,,,,,,,,,
56,3,0.27,**,,,,,,,,,,,,,,,,,
57,0,0,,,,,,,,,,,,,,,,,,
58,2,0.18,*,,,,,,,,,,,,,,,,,
59,2,0.18,*,,,,,,,,,,,,,,,,,
60,3,0.27,**,,,,,,,,,,,,,,,,,
61,2,0.18,*,,,,,,,,,,,,,,,,,
62,1,0.09,*,,,,,,,,,,,,,,,,,
63,1,0.09,*,,,,,,,,,,,,,,,,,
64,1,0.09,*,,,,,,,,,,,,,,,,,
65,2,0.18,*,,,,,,,,,,,,,,,,,
66,3,0.27,**,,,,,,,,,,,,,,,,,
67,2,0.18,*,,,,,,,,,,,,,,,,,
68,2,0.18,*,,,,,,,,,,,,,,,,,
69,4,0.37,**,,,,,,,,,,,,,,,,,
70,2,0.18,*,,,,,,,,,,,,,,,,,
71,0,0,,,,,,,,,,,,,,,,,,
72,1,0.09,*,,,,,,,,,,,,,,,,,
73,4,0.37,**,,,,,,,,,,,,,,,,,
74,2,0.18,*,,,,,,,,,,,,,,,,,
75,4,0.37,**,,,,,,,,,,,,,,,,,
76,2,0.18,*,,,,,,,,,,,,,,,,,
77,0,0,,,,,,,,,,,,,,,,,,
78,1,0.09,*,,,,,,,,,,,,,,,,,
79,1,0.09,*,,,,,,,,,,,,,,,,,
80,2,0.18,*,,,,,,,,,,,,,,,,,
81,4,0.37,**,,,,,,,,,,,,,,,,,
82,0,0,,,,,,,,,,,,,,,,,,
83,0,0,,,,,,,,,,,,,,,,,,
84,3,0.27,**,,,,,,,,,,,,,,,,,
85,3,0.27,**,,,,,,,,,,,,,,,,,
86,3,0.27,**,,,,,,,,,,,,,,,,,
87,2,0.18,*,,,,,,,,,,,,,,,,,
88,2,0.18,*,,,,,,,,,,,,,,,,,
89,4,0.37,**,,,,,,,,,,,,,,,,,
90,2,0.18,*,,,,,,,,,,,,,,,,,
91,3,0.27,**,,,,,,,,,,,,,,,,,
92,2,0.18,*,,,,,,,,,,,,,,,,,
93,3,0.27,**,,,,,,,,,,,,,,,,,
94,1,0.09,*,,,,,,,,,,,,,,,,,
95,4,0.37,**,,,,,,,,,,,,,,,,,
96,1,0.09,*,,,,,,,,,,,,,,,,,
97,1,0.09,*,,,,,,,,,,,,,,,,,
98,2,0.18,*,,,,,,,,,,,,,,,,,
99,2,0.18,*,,,,,,,,,,,,,,,,,
100,3,0.27,**,,,,,,,,,,,,,,,,,
101,1,0.09,*,,,,,,,,,,,,,,,,,
102,1,0.09,*,,,,,,,,,,,,,,,,,
103,0,0,,,,,,,,,,,,,,,,,,
104,1,0.09,*,,,,,,,,,,,,,,,,,
105,4,0.37,**,,,,,,,,,,,,,,,,,
106,2,0.18,*,,,,,,,,,,,,,,,,,
107,1,0.09,*,,,,,,,,,,,,,,,,,
108,4,0.37,**,,,,,,,,,,,,,,,,,
109,4,0.37,**,,,,,,,,,,,,,,,,,
110,1,0.09,*,,,,,,,,,,,,,,,,,
111,1,0.09,*,,,,,,,,,,,,,,,,,
112,6,0.55,***,,,,,,,,,,,,,,,,,
113,2,0.18,*,,,,,,,,,,,,,,,,,
114,1,0.09,*,,,,,,,,,,,,,,,,,
115,6,0.55,***,,,,,,,,,,,,,,,,,
116,6,0.55,***,,,,,,,,,,,,,,,,,
117,6,0.55,***,,,,,,,,,,,,,,,,,
118,3,0.27,**,,,,,,,,,,,,,,,,,
119,1,0.09,*,,,,,,,,,,,,,,,,,
120,4,0.37,**,,,,,,,,,,,,,,,,,
121,1,0.09,*,,,,,,,,,,,,,,,,,
122,6,0.55,***,,,,,,,,,,,,,,,,,
123,2,0.18,*,,,,,,,,,,,,,,,,,
124,6,0.55,***,,,,,,,,,,,,,,,,,
125,4,0.37,**,,,,,,,,,,,,,,,,,
126,6,0.55,***,,,,,,,,,,,,,,,,,
127,6,0.55,***,,,,,,,,,,,,,,,,,
128,4,0.37,**,,,,,,,,,,,,,,,,,
129,3,0.27,**,,,,,,,,,,,,,,,,,
130,2,0.18,*,,,,,,,,,,,,,,,,,
131,7,0.64,****,,,,,,,,,,,,,,,,,
132,7,0.64,****,,,,,,,,,,,,,,,,,
133,7,0.64,****,,,,,,,,,,,,,,,,,
134,6,0.55,***,,,,,,,,,,,,,,,,,
135,5,0.46,***,,,,,,,,,,,,,,,,,
136,5,0.46,***,,,,,,,,,,,,,,,,,
137,5,0.46,***,,,,,,,,,,,,,,,,,
138,4,0.37,**,,,,,,,,,,,,,,,,,
139,7,0.64,****,,,,,,,,,,,,,,,,,
140,6,0.55,***,,,,,,,,,,,,,,,,,
141,5,0.46,***,,,,,,,,,,,,,,,,,
142,6,0.55,***,,,,,,,,,,,,,,,,,
143,6,0.55,***,,,,,,,,,,,,,,,,,
144,6,0.55,***,,,,,,,,,,,,,,,,,
145,4,0.37,**,,,,,,,,,,,,,,,,,
146,6,0.55,***,,,,,,,,,,,,,,,,,
147,5,0.46,***,,,,,,,,,,,,,,,,,
148,11,1,******,,,,,,,,,,,,,,,,,
149,5,0.46,***,,,,,,,,,,,,,,,,,
150,14,1.28,********,,,,,,,,,,,,,,,,,
151,12,1.1,*******,,,,,,,,,,,,,,,,,
152,8,0.73,****,,,,,,,,,,,,,,,,,
153,4,0.37,**,,,,,,,,,,,,,,,,,
154,9,0.82,*****,,,,,,,,,,,,,,,,,
155,9,0.82,*****,,,,,,,,,,,,,,,,,
156,9,0.82,*****,,,,,,,,,,,,,,,,,
157,14,1.28,********,,,,,,,,,,,,,,,,,
158,5,0.46,***,,,,,,,,,,,,,,,,,
159,6,0.55,***,,,,,,,,,,,,,,,,,
160,15,1.37,********,,,,,,,,,,,,,,,,,
161,9,0.82,*****,,,,,,,,,,,,,,,,,
162,8,0.73,****,,,,,,,,,,,,,,,,,
163,22,2.01,************,,,,,,,,,,,,,,,,,
164,9,0.82,*****,,,,,,,,,,,,,,,,,
165,17,1.55,*********,,,,,,,,,,,,,,,,,
166,10,0.91,*****,,,,,,,,,,,,,,,,,
167,14,1.28,********,,,,,,,,,,,,,,,,,
168,13,1.19,*******,,,,,,,,,,,,,,,,,
169,18,1.64,**********,,,,,,,,,,,,,,,,,
170,18,1.64,**********,,,,,,,,,,,,,,,,,
171,20,1.83,***********,,,,,,,,,,,,,,,,,
172,24,2.19,*************,,,,,,,,,,,,,,,,,
173,18,1.64,**********,,,,,,,,,,,,,,,,,
174,20,1.83,***********,,,,,,,,,,,,,,,,,
175,17,1.55,*********,,,,,,,,,,,,,,,,,
176,22,2.01,************,,,,,,,,,,,,,,,,,
177,22,2.01,************,,,,,,,,,,,,,,,,,
178,23,2.1,*************,,,,,,,,,,,,,,,,,
179,22,2.01,************,,,,,,,,,,,,,,,,,
180,17,1.55,*********,,,,,,,,,,,,,,,,,
181,30,2.74,****************,,,,,,,,,,,,,,,,,
182,25,2.28,**************,,,,,,,,,,,,,,,,,
183,26,2.37,**************,,,,,,,,,,,,,,,,,
184,11,1,******,,,,,,,,,,,,,,,,,
185,23,2.1,*************,,,,,,,,,,,,,,,,,
186,20,1.83,***********,,,,,,,,,,,,,,,,,
187,31,2.83,*****************,,,,,,,,,,,,,,,,,
188,11,1,******,,,,,,,,,,,,,,,,,
189,8,0.73,****,,,,,,,,,,,,,,,,,
190,21,1.92,************,,,,,,,,,,,,,,,,,
191,53,4.84,*****************************,,,,,,,,,,,,,,,,,
192,14,1.28,********,,,,,,,,,,,,,,,,,
193,0,0,,,,,,,,,,,,,,,,,,
194,5,0.46,***,,,,,,,,,,,,,,,,,
195,14,1.28,********,,,,,,,,,,,,,,,,,
196,18,1.64,**********,,,,,,,,,,,,,,,,,
197,0,0,,,,,,,,,,,,,,,,,,
198,0,0,,,,,,,,,,,,,,,,,,
199,0,0,,,,,,,,,,,,,,,,,,
200,14,1.28,********,,,,,,,,,,,,,,,,,
óﬂòaÇTîNìx â»ñ⁄ï ê¨ê—ï™ïzê}Åiñ{ééå±Åj,óﬂòa5îN2åé2ì˙,,,,,,,,,,,,,,,,,,,
â»ñ⁄ñº,ñûì_,ç≈çÇì_,ç≈í·ì_,ïΩãœì_,ïWèÄïŒç∑,éÛå±é“êî,ìæì_ó¶,ÇTï™ílÇeÇP,ÇTï™ílÇeÇQ,ÇTï™ílÇeÇR,ÇTï™ílÇeÇS,ÇPíiäK,ÇQíiäK,ÇRíiäK,ÇSíiäK,ÇTíiäK,ÇUíiäK,ÇVíiäK,ÇWíiäK,ÇXíiäK
ÉhÉCÉcåÍ,200,200,26,123.8,49.2,82,0.619,68,108,150,174,0Å`41,42Å`54,55Å`72,73Å`107,108Å`149,150Å`168,169Å`188,189Å`190,191Å`200
ì_êî,êlêî,î‰ó¶ÅiÅìÅj,,,,,,,,,,,,,,,,,,
ÇPíiäK,2,2.439024,,,,,,,,,,,,,,,,,,
0,0,0,,,,,,,,,,,,,,,,,,
1,0,0,,,,,,,,,,,,,,,,,,
2,0,0,,,,,,,,,,,,,,,,,,
3,0,0,,,,,,,,,,,,,,,,,,
4,0,0,,,,,,,,,,,,,,,,,,
5,0,0,,,,,,,,,,,,,,,,,,
6,0,0,,,,,,,,,,,,,,,,,,
7,0,0,,,,,,,,,,,,,,,,,,
8,0,0,,,,,,,,,,,,,,,,,,
9,0,0,,,,,,,,,,,,,,,,,,
10,0,0,,,,,,,,,,,,,,,,,,
11,0,0,,,,,,,,,,,,,,,,,,
12,0,0,,,,,,,,,,,,,,,,,,
13,0,0,,,,,,,,,,,,,,,,,,
14,0,0,,,,,,,,,,,,,,,,,,
15,0,0,,,,,,,,,,,,,,,,,,
16,0,0,,,,,,,,,,,,,,,,,,
17,0,0,,,,,,,,,,,,,,,,,,
18,0,0,,,,,,,,,,,,,,,,,,
19,0,0,,,,,,,,,,,,,,,,,,
20,0,0,,,,,,,,,,,,,,,,,,
21,0,0,,,,,,,,,,,,,,,,,,
22,0,0,,,,,,,,,,,,,,,,,,
23,0,0,,,,,,,,,,,,,,,,,,
24,0,0,,,,,,,,,,,,,,,,,,
25,0,0,,,,,,,,,,,,,,,,,,
26,1,1.22,*******,,,,,,,,,,,,,,,,,
27,0,0,,,,,,,,,,,,,,,,,,
28,0,0,,,,,,,,,,,,,,,,,,
29,0,0,,,,,,,,,,,,,,,,,,
30,0,0,,,,,,,,,,,,,,,,,,
31,0,0,,,,,,,,,,,,,,,,,,
32,0,0,,,,,,,,,,,,,,,,,,
33,0,0,,,,,,,,,,,,,,,,,,
34,0,0,,,,,,,,,,,,,,,,,,
35,0,0,,,,,,,,,,,,,,,,,,
36,0,0,,,,,,,,,,,,,,,,,,
37,0,0,,,,,,,,,,,,,,,,,,
38,0,0,,,,,,,,,,,,,,,,,,
39,0,0,,,,,,,,,,,,,,,,,,
40,0,0,,,,,,,,,,,,,,,,,,
41,1,1.22,*******,,,,,,,,,,,,,,,,,
ÇQíiäK,5,6.09756,,,,,,,,,,,,,,,,,,
42,1,1.22,*******,,,,,,,,,,,,,,,,,
43,0,0,,,,,,,,,,,,,,,,,,
44,0,0,,,,,,,,,,,,,,,,,,
45,2,2.44,***************,,,,,,,,,,,,,,,,,
46,0,0,,,,,,,,,,,,,,,,,,
47,1,1.22,*******,,,,,,,,,,,,,,,,,
48,0,0,,,,,,,,,,,,,,,,,,
49,0,0,,,,,,,,,,,,,,,,,,
50,0,0,,,,,,,,,,,,,,,,,,
51,0,0,,,,,,,,,,,,,,,,,,
52,1,1.22,*******,,,,,,,,,,,,,,,,,
53,0,0,,,,,,,,,,,,,,,,,,
54,0,0,,,,,,,,,,,,,,,,,,
ÇRíiäK,9,10.975609,,,,,,,,,,,,,,,,,,
55,1,1.22,*******,,,,,,,,,,,,,,,,,
56,0,0,,,,,,,,,,,,,,,,,,
57,0,0,,,,,,,,,,,,,,,,,,
58,1,1.22,*******,,,,,,,,,,,,,,,,,
59,2,2.44,***************,,,,,,,,,,,,,,,,,
60,1,1.22,*******,,,,,,,,,,,,,,,,,
61,0,0,,,,,,,,,,,,,,,,,,
62,0,0,,,,,,,,,,,,,,,,,,
63,0,0,,,,,,,,,,,,,,,,,,
64,0,0,,,,,,,,,,,,,,,,,,
65,0,0,,,,,,,,,,,,,,,,,,
66,1,1.22,*******,,,,,,,,,,,,,,,,,
67,1,1.22,*******,,,,,,,,,,,,,,,,,
68,2,2.44,***************,,,,,,,,,,,,,,,,,
69,0,0,,,,,,,,,,,,,,,,,,
70,0,0,,,,,,,,,,,,,,,,,,
71,0,0,,,,,,,,,,,,,,,,,,
72,0,0,,,,,,,,,,,,,,,,,,
ÇSíiäK,15,18.292682,,,,,,,,,,,,,,,,,,
73,2,2.44,***************,,,,,,,,,,,,,,,,,
74,0,0,,,,,,,,,,,,,,,,,,
75,2,2.44,***************,,,,,,,,,,,,,,,,,
76,1,1.22,*******,,,,,,,,,,,,,,,,,
77,0,0,,,,,,,,,,,,,,,,,,
78,1,1.22,*******,,,,,,,,,,,,,,,,,
79,0,0,,,,,,,,,,,,,,,,,,
80,0,0,,,,,,,,,,,,,,,,,,
81,0,0,,,,,,,,,,,,,,,,,,
82,0,0,,,,,,,,,,,,,,,,,,
83,0,0,,,,,,,,,,,,,,,,,,
84,1,1.22,*******,,,,,,,,,,,,,,,,,
85,0,0,,,,,,,,,,,,,,,,,,
86,1,1.22,*******,,,,,,,,,,,,,,,,,
87,0,0,,,,,,,,,,,,,,,,,,
88,1,1.22,*******,,,,,,,,,,,,,,,,,
89,2,2.44,***************,,,,,,,,,,,,,,,,,
90,1,1.22,*******,,,,,,,,,,,,,,,,,
91,1,1.22,*******,,,,,,,,,,,,,,,,,
92,0,0,,,,,,,,,,,,,,,,,,
93,0,0,,,,,,,,,,,,,,,,,,
94,0,0,,,,,,,,,,,,,,,,,,
95,0,0,,,,,,,,,,,,,,,,,,
96,0,0,,,,,,,,,,,,,,,,,,
97,0,0,,,,,,,,,,,,,,,,,,
98,0,0,,,,,,,,,,,,,,,,,,
99,1,1.22,*******,,,,,,,,,,,,,,,,,
100,0,0,,,,,,,,,,,,,,,,,,
101,0,0,,,,,,,,,,,,,,,,,,
102,0,0,,,,,,,,,,,,,,,,,,
103,0,0,,,,,,,,,,,,,,,,,,
104,1,1.22,*******,,,,,,,,,,,,,,,,,
105,0,0,,,,,,,,,,,,,,,,,,
106,0,0,,,,,,,,,,,,,,,,,,
107,0,0,,,,,,,,,,,,,,,,,,
ÇTíiäK,17,20.731707,,,,,,,,,,,,,,,,,,
108,2,2.44,***************,,,,,,,,,,,,,,,,,
109,1,1.22,*******,,,,,,,,,,,,,,,,,
110,0,0,,,,,,,,,,,,,,,,,,
111,0,0,,,,,,,,,,,,,,,,,,
112,1,1.22,*******,,,,,,,,,,,,,,,,,
113,0,0,,,,,,,,,,,,,,,,,,
114,0,0,,,,,,,,,,,,,,,,,,
115,1,1.22,*******,,,,,,,,,,,,,,,,,
116,1,1.22,*******,,,,,,,,,,,,,,,,,
117,1,1.22,*******,,,,,,,,,,,,,,,,,
118,0,0,,,,,,,,,,,,,,,,,,
119,0,0,,,,,,,,,,,,,,,,,,
120,0,0,,,,,,,,,,,,,,,,,,
121,0,0,,,,,,,,,,,,,,,,,,
122,0,0,,,,,,,,,,,,,,,,,,
123,0,0,,,,,,,,,,,,,,,,,,
124,1,1.22,*******,,,,,,,,,,,,,,,,,
125,0,0,,,,,,,,,,,,,,,,,,
126,0,0,,,,,,,,,,,,,,,,,,
127,0,0,,,,,,,,,,,,,,,,,,
128,0,0,,,,,,,,,,,,,,,,,,
129,1,1.22,*******,,,,,,,,,,,,,,,,,
130,0,0,,,,,,,,,,,,,,,,,,
131,2,2.44,***************,,,,,,,,,,,,,,,,,
132,0,0,,,,,,,,,,,,,,,,,,
133,0,0,,,,,,,,,,,,,,,,,,
134,1,1.22,*******,,,,,,,,,,,,,,,,,
135,0,0,,,,,,,,,,,,,,,,,,
136,0,0,,,,,,,,,,,,,,,,,,
137,0,0,,,,,,,,,,,,,,,,,,
138,0,0,,,,,,,,,,,,,,,,,,
139,1,1.22,*******,,,,,,,,,,,,,,,,,
140,1,1.22,*******,,,,,,,,,,,,,,,,,
141,0,0,,,,,,,,,,,,,,,,,,
142,0,0,,,,,,,,,,,,,,,,,,
143,1,1.22,*******,,,,,,,,,,,,,,,,,
144,0,0,,,,,,,,,,,,,,,,,,
145,0,0,,,,,,,,,,,,,,,,,,
146,0,0,,,,,,,,,,,,,,,,,,
147,1,1.22,*******,,,,,,,,,,,,,,,,,
148,1,1.22,*******,,,,,,,,,,,,,,,,,
149,0,0,,,,,,,,,,,,,,,,,,
ÇUíiäK,14,17.07317,,,,,,,,,,,,,,,,,,
150,1,1.22,*******,,,,,,,,,,,,,,,,,
151,3,3.66,**********************,,,,,,,,,,,,,,,,,
152,2,2.44,***************,,,,,,,,,,,,,,,,,
153,0,0,,,,,,,,,,,,,,,,,,
154,1,1.22,*******,,,,,,,,,,,,,,,,,
155,1,1.22,*******,,,,,,,,,,,,,,,,,
156,1,1.22,*******,,,,,,,,,,,,,,,,,
157,1,1.22,*******,,,,,,,,,,,,,,,,,
158,1,1.22,*******,,,,,,,,,,,,,,,,,
159,0,0,,,,,,,,,,,,,,,,,,
160,0,0,,,,,,,,,,,,,,,,,,
161,0,0,,,,,,,,,,,,,,,,,,
162,0,0,,,,,,,,,,,,,,,,,,
163,2,2.44,***************,,,,,,,,,,,,,,,,,
164,0,0,,,,,,,,,,,,,,,,,,
165,0,0,,,,,,,,,,,,,,,,,,
166,0,0,,,,,,,,,,,,,,,,,,
167,0,0,,,,,,,,,,,,,,,,,,
168,1,1.22,*******,,,,,,,,,,,,,,,,,
ÇVíiäK,10,12.195121,,,,,,,,,,,,,,,,,,
169,1,1.22,*******,,,,,,,,,,,,,,,,,
170,0,0,,,,,,,,,,,,,,,,,,
171,1,1.22,*******,,,,,,,,,,,,,,,,,
172,1,1.22,*******,,,,,,,,,,,,,,,,,
173,0,0,,,,,,,,,,,,,,,,,,
174,1,1.22,*******,,,,,,,,,,,,,,,,,
175,0,0,,,,,,,,,,,,,,,,,,
176,0,0,,,,,,,,,,,,,,,,,,
177,0,0,,,,,,,,,,,,,,,,,,
178,1,1.22,*******,,,,,,,,,,,,,,,,,
179,0,0,,,,,,,,,,,,,,,,,,
180,2,2.44,***************,,,,,,,,,,,,,,,,,
181,1,1.22,*******,,,,,,,,,,,,,,,,,
182,0,0,,,,,,,,,,,,,,,,,,
183,1,1.22,*******,,,,,,,,,,,,,,,,,
184,0,0,,,,,,,,,,,,,,,,,,
185,0,0,,,,,,,,,,,,,,,,,,
186,0,0,,,,,,,,,,,,,,,,,,
187,1,1.22,*******,,,,,,,,,,,,,,,,,
188,0,0,,,,,,,,,,,,,,,,,,
ÇWíiäK,5,6.09756,,,,,,,,,,,,,,,,,,
189,1,1.22,*******,,,,,,,,,,,,,,,,,
190,4,4.88,*****************************,,,,,,,,,,,,,,,,,
ÇXíiäK,5,6.09756,,,,,,,,,,,,,,,,,,
191,2,2.44,***************,,,,,,,,,,,,,,,,,
192,1,1.22,*******,,,,,,,,,,,,,,,,,
193,0,0,,,,,,,,,,,,,,,,,,
194,1,1.22,*******,,,,,,,,,,,,,,,,,
195,0,0,,,,,,,,,,,,,,,,,,
196,0,0,,,,,,,,,,,,,,,,,,
197,0,0,,,,,,,,,,,,,,,,,,
198,0,0,,,,,,,,,,,,,,,,,,
199,0,0,,,,,,,,,,,,,,,,,,
200,1,1.22,*******,,,,,,,,,,,,,,,,,
óﬂòaÇTîNìx â»ñ⁄ï ê¨ê—ï™ïzê}Åiñ{ééå±Åj,óﬂòa5îN2åé2ì˙,,,,,,,,,,,,,,,,,,,
â»ñ⁄ñº,ñûì_,ç≈çÇì_,ç≈í·ì_,ïΩãœì_,ïWèÄïŒç∑,éÛå±é“êî,ìæì_ó¶,ÇTï™ílÇeÇP,ÇTï™ílÇeÇQ,ÇTï™ílÇeÇR,ÇTï™ílÇeÇS,ÇPíiäK,ÇQíiäK,ÇRíiäK,ÇSíiäK,ÇTíiäK,ÇUíiäK,ÇVíiäK,ÇWíiäK,ÇXíiäK
ÉtÉâÉìÉXåÍ,200,200,41,131.72,42.16,93,0.6586,90,120,152,175,0Å`50,51Å`80,81Å`92,93Å`119,120Å`152,153Å`170,171Å`184,185Å`199,200Å`200
ì_êî,êlêî,î‰ó¶ÅiÅìÅj,,,,,,,,,,,,,,,,,,
ÇPíiäK,2,2.150537,,,,,,,,,,,,,,,,,,
0,0,0,,,,,,,,,,,,,,,,,,
1,0,0,,,,,,,,,,,,,,,,,,
2,0,0,,,,,,,,,,,,,,,,,,
3,0,0,,,,,,,,,,,,,,,,,,
4,0,0,,,,,,,,,,,,,,,,,,
5,0,0,,,,,,,,,,,,,,,,,,
6,0,0,,,,,,,,,,,,,,,,,,
7,0,0,,,,,,,,,,,,,,,,,,
8,0,0,,,,,,,,,,,,,,,,,,
9,0,0,,,,,,,,,,,,,,,,,,
10,0,0,,,,,,,,,,,,,,,,,,
11,0,0,,,,,,,,,,,,,,,,,,
12,0,0,,,,,,,,,,,,,,,,,,
13,0,0,,,,,,,,,,,,,,,,,,
14,0,0,,,,,,,,,,,,,,,,,,
15,0,0,,,,,,,,,,,,,,,,,,
16,0,0,,,,,,,,,,,,,,,,,,
17,0,0,,,,,,,,,,,,,,,,,,
18,0,0,,,,,,,,,,,,,,,,,,
19,0,0,,,,,,,,,,,,,,,,,,
20,0,0,,,,,,,,,,,,,,,,,,
21,0,0,,,,,,,,,,,,,,,,,,
22,0,0,,,,,,,,,,,,,,,,,,
23,0,0,,,,,,,,,,,,,,,,,,
24,0,0,,,,,,,,,,,,,,,,,,
25,0,0,,,,,,,,,,,,,,,,,,
26,0,0,,,,,,,,,,,,,,,,,,
27,0,0,,,,,,,,,,,,,,,,,,
28,0,0,,,,,,,,,,,,,,,,,,
29,0,0,,,,,,,,,,,,,,,,,,
30,0,0,,,,,,,,,,,,,,,,,,
31,0,0,,,,,,,,,,,,,,,,,,
32,0,0,,,,,,,,,,,,,,,,,,
33,0,0,,,,,,,,,,,,,,,,,,
34,0,0,,,,,,,,,,,,,,,,,,
35,0,0,,,,,,,,,,,,,,,,,,
36,0,0,,,,,,,,,,,,,,,,,,
37,0,0,,,,,,,,,,,,,,,,,,
38,0,0,,,,,,,,,,,,,,,,,,
39,0,0,,,,,,,,,,,,,,,,,,
40,0,0,,,,,,,,,,,,,,,,,,
41,1,1.08,******,,,,,,,,,,,,,,,,,
42,0,0,,,,,,,,,,,,,,,,,,
43,0,0,,,,,,,,,,,,,,,,,,
44,1,1.08,******,,,,,,,,,,,,,,,,,
45,0,0,,,,,,,,,,,,,,,,,,
46,0,0,,,,,,,,,,,,,,,,,,
47,0,0,,,,,,,,,,,,,,,,,,
48,0,0,,,,,,,,,,,,,,,,,,
49,0,0,,,,,,,,,,,,,,,,,,
50,0,0,,,,,,,,,,,,,,,,,,
ÇQíiäK,8,8.60215,,,,,,,,,,,,,,,,,,
51,2,2.15,*************,,,,,,,,,,,,,,,,,
52,0,0,,,,,,,,,,,,,,,,,,
53,0,0,,,,,,,,,,,,,,,,,,
54,0,0,,,,,,,,,,,,,,,,,,
55,0,0,,,,,,,,,,,,,,,,,,
56,0,0,,,,,,,,,,,,,,,,,,
57,0,0,,,,,,,,,,,,,,,,,,
58,1,1.08,******,,,,,,,,,,,,,,,,,
59,0,0,,,,,,,,,,,,,,,,,,
60,0,0,,,,,,,,,,,,,,,,,,
61,0,0,,,,,,,,,,,,,,,,,,
62,0,0,,,,,,,,,,,,,,,,,,
63,1,1.08,******,,,,,,,,,,,,,,,,,
64,0,0,,,,,,,,,,,,,,,,,,
65,0,0,,,,,,,,,,,,,,,,,,
66,0,0,,,,,,,,,,,,,,,,,,
67,0,0,,,,,,,,,,,,,,,,,,
68,0,0,,,,,,,,,,,,,,,,,,
69,1,1.08,******,,,,,,,,,,,,,,,,,
70,0,0,,,,,,,,,,,,,,,,,,
71,0,0,,,,,,,,,,,,,,,,,,
72,1,1.08,******,,,,,,,,,,,,,,,,,
73,0,0,,,,,,,,,,,,,,,,,,
74,1,1.08,******,,,,,,,,,,,,,,,,,
75,0,0,,,,,,,,,,,,,,,,,,
76,1,1.08,******,,,,,,,,,,,,,,,,,
77,0,0,,,,,,,,,,,,,,,,,,
78,0,0,,,,,,,,,,,,,,,,,,
79,0,0,,,,,,,,,,,,,,,,,,
80,0,0,,,,,,,,,,,,,,,,,,
ÇRíiäK,11,11.827956,,,,,,,,,,,,,,,,,,
81,2,2.15,*************,,,,,,,,,,,,,,,,,
82,0,0,,,,,,,,,,,,,,,,,,
83,0,0,,,,,,,,,,,,,,,,,,
84,1,1.08,******,,,,,,,,,,,,,,,,,
85,1,1.08,******,,,,,,,,,,,,,,,,,
86,1,1.08,******,,,,,,,,,,,,,,,,,
87,2,2.15,*************,,,,,,,,,,,,,,,,,
88,0,0,,,,,,,,,,,,,,,,,,
89,1,1.08,******,,,,,,,,,,,,,,,,,
90,1,1.08,******,,,,,,,,,,,,,,,,,
91,1,1.08,******,,,,,,,,,,,,,,,,,
92,1,1.08,******,,,,,,,,,,,,,,,,,
ÇSíiäK,15,16.129032,,,,,,,,,,,,,,,,,,
93,1,1.08,******,,,,,,,,,,,,,,,,,
94,0,0,,,,,,,,,,,,,,,,,,
95,2,2.15,*************,,,,,,,,,,,,,,,,,
96,0,0,,,,,,,,,,,,,,,,,,
97,0,0,,,,,,,,,,,,,,,,,,
98,2,2.15,*************,,,,,,,,,,,,,,,,,
99,0,0,,,,,,,,,,,,,,,,,,
100,1,1.08,******,,,,,,,,,,,,,,,,,
101,0,0,,,,,,,,,,,,,,,,,,
102,1,1.08,******,,,,,,,,,,,,,,,,,
103,0,0,,,,,,,,,,,,,,,,,,
104,0,0,,,,,,,,,,,,,,,,,,
105,2,2.15,*************,,,,,,,,,,,,,,,,,
106,0,0,,,,,,,,,,,,,,,,,,
107,0,0,,,,,,,,,,,,,,,,,,
108,0,0,,,,,,,,,,,,,,,,,,
109,0,0,,,,,,,,,,,,,,,,,,
110,1,1.08,******,,,,,,,,,,,,,,,,,
111,0,0,,,,,,,,,,,,,,,,,,
112,1,1.08,******,,,,,,,,,,,,,,,,,
113,0,0,,,,,,,,,,,,,,,,,,
114,0,0,,,,,,,,,,,,,,,,,,
115,2,2.15,*************,,,,,,,,,,,,,,,,,
116,0,0,,,,,,,,,,,,,,,,,,
117,0,0,,,,,,,,,,,,,,,,,,
118,2,2.15,*************,,,,,,,,,,,,,,,,,
119,0,0,,,,,,,,,,,,,,,,,,
ÇTíiäK,19,20.430107,,,,,,,,,,,,,,,,,,
120,2,2.15,*************,,,,,,,,,,,,,,,,,
121,0,0,,,,,,,,,,,,,,,,,,
122,1,1.08,******,,,,,,,,,,,,,,,,,
123,0,0,,,,,,,,,,,,,,,,,,
124,2,2.15,*************,,,,,,,,,,,,,,,,,
125,1,1.08,******,,,,,,,,,,,,,,,,,
126,1,1.08,******,,,,,,,,,,,,,,,,,
127,0,0,,,,,,,,,,,,,,,,,,
128,1,1.08,******,,,,,,,,,,,,,,,,,
129,0,0,,,,,,,,,,,,,,,,,,
130,0,0,,,,,,,,,,,,,,,,,,
131,2,2.15,*************,,,,,,,,,,,,,,,,,
132,1,1.08,******,,,,,,,,,,,,,,,,,
133,2,2.15,*************,,,,,,,,,,,,,,,,,
134,0,0,,,,,,,,,,,,,,,,,,
135,2,2.15,*************,,,,,,,,,,,,,,,,,
136,1,1.08,******,,,,,,,,,,,,,,,,,
137,0,0,,,,,,,,,,,,,,,,,,
138,1,1.08,******,,,,,,,,,,,,,,,,,
139,0,0,,,,,,,,,,,,,,,,,,
140,1,1.08,******,,,,,,,,,,,,,,,,,
141,0,0,,,,,,,,,,,,,,,,,,
142,0,0,,,,,,,,,,,,,,,,,,
143,0,0,,,,,,,,,,,,,,,,,,
144,1,1.08,******,,,,,,,,,,,,,,,,,
145,0,0,,,,,,,,,,,,,,,,,,
146,0,0,,,,,,,,,,,,,,,,,,
147,0,0,,,,,,,,,,,,,,,,,,
148,0,0,,,,,,,,,,,,,,,,,,
149,0,0,,,,,,,,,,,,,,,,,,
150,0,0,,,,,,,,,,,,,,,,,,
151,0,0,,,,,,,,,,,,,,,,,,
152,0,0,,,,,,,,,,,,,,,,,,
ÇUíiäK,16,17.204301,,,,,,,,,,,,,,,,,,
153,2,2.15,*************,,,,,,,,,,,,,,,,,
154,1,1.08,******,,,,,,,,,,,,,,,,,
155,0,0,,,,,,,,,,,,,,,,,,
156,1,1.08,******,,,,,,,,,,,,,,,,,
157,0,0,,,,,,,,,,,,,,,,,,
158,0,0,,,,,,,,,,,,,,,,,,
159,0,0,,,,,,,,,,,,,,,,,,
160,2,2.15,*************,,,,,,,,,,,,,,,,,
161,0,0,,,,,,,,,,,,,,,,,,
162,2,2.15,*************,,,,,,,,,,,,,,,,,
163,0,0,,,,,,,,,,,,,,,,,,
164,1,1.08,******,,,,,,,,,,,,,,,,,
165,3,3.23,*******************,,,,,,,,,,,,,,,,,
166,1,1.08,******,,,,,,,,,,,,,,,,,
167,1,1.08,******,,,,,,,,,,,,,,,,,
168,0,0,,,,,,,,,,,,,,,,,,
169,0,0,,,,,,,,,,,,,,,,,,
170,2,2.15,*************,,,,,,,,,,,,,,,,,
ÇVíiäK,11,11.827956,,,,,,,,,,,,,,,,,,
171,1,1.08,******,,,,,,,,,,,,,,,,,
172,0,0,,,,,,,,,,,,,,,,,,
173,0,0,,,,,,,,,,,,,,,,,,
174,1,1.08,******,,,,,,,,,,,,,,,,,
175,1,1.08,******,,,,,,,,,,,,,,,,,
176,2,2.15,*************,,,,,,,,,,,,,,,,,
177,3,3.23,*******************,,,,,,,,,,,,,,,,,
178,0,0,,,,,,,,,,,,,,,,,,
179,1,1.08,******,,,,,,,,,,,,,,,,,
180,1,1.08,******,,,,,,,,,,,,,,,,,
181,1,1.08,******,,,,,,,,,,,,,,,,,
182,0,0,,,,,,,,,,,,,,,,,,
183,0,0,,,,,,,,,,,,,,,,,,
184,0,0,,,,,,,,,,,,,,,,,,
ÇWíiäK,7,7.526881,,,,,,,,,,,,,,,,,,
185,3,3.23,*******************,,,,,,,,,,,,,,,,,
186,2,2.15,*************,,,,,,,,,,,,,,,,,
187,0,0,,,,,,,,,,,,,,,,,,
188,1,1.08,******,,,,,,,,,,,,,,,,,
189,0,0,,,,,,,,,,,,,,,,,,
190,0,0,,,,,,,,,,,,,,,,,,
191,0,0,,,,,,,,,,,,,,,,,,
192,1,1.08,******,,,,,,,,,,,,,,,,,
193,0,0,,,,,,,,,,,,,,,,,,
194,0,0,,,,,,,,,,,,,,,,,,
195,0,0,,,,,,,,,,,,,,,,,,
196,0,0,,,,,,,,,,,,,,,,,,
197,0,0,,,,,,,,,,,,,,,,,,
198,0,0,,,,,,,,,,,,,,,,,,
199,0,0,,,,,,,,,,,,,,,,,,
ÇXíiäK,4,4.301075,,,,,,,,,,,,,,,,,,
200,4,4.3,**************************,,,,,,,,,,,,,,,,,
óﬂòaÇTîNìx â»ñ⁄ï ê¨ê—ï™ïzê}Åiñ{ééå±Åj,óﬂòa5îN2åé2ì˙,,,,,,,,,,,,,,,,,,,
â»ñ⁄ñº,ñûì_,ç≈çÇì_,ç≈í·ì_,ïΩãœì_,ïWèÄïŒç∑,éÛå±é“êî,ìæì_ó¶,ÇTï™ílÇeÇP,ÇTï™ílÇeÇQ,ÇTï™ílÇeÇR,ÇTï™ílÇeÇS,ÇPíiäK,ÇQíiäK,ÇRíiäK,ÇSíiäK,ÇTíiäK,ÇUíiäK,ÇVíiäK,ÇWíiäK,ÇXíiäK
íÜçëåÍ,200,200,34,162.76,29.01,735,0.8138,145,165,175,184,0Å`90,91Å`126,127Å`149,150Å`164,165Å`175,176Å`182,183Å`189,190Å`193,194Å`200
ì_êî,êlêî,î‰ó¶ÅiÅìÅj,,,,,,,,,,,,,,,,,,
ÇPíiäK,28,3.809523,,,,,,,,,,,,,,,,,,
0,0,0,,,,,,,,,,,,,,,,,,
1,0,0,,,,,,,,,,,,,,,,,,
2,0,0,,,,,,,,,,,,,,,,,,
3,0,0,,,,,,,,,,,,,,,,,,
4,0,0,,,,,,,,,,,,,,,,,,
5,0,0,,,,,,,,,,,,,,,,,,
6,0,0,,,,,,,,,,,,,,,,,,
7,0,0,,,,,,,,,,,,,,,,,,
8,0,0,,,,,,,,,,,,,,,,,,
9,0,0,,,,,,,,,,,,,,,,,,
10,0,0,,,,,,,,,,,,,,,,,,
11,0,0,,,,,,,,,,,,,,,,,,
12,0,0,,,,,,,,,,,,,,,,,,
13,0,0,,,,,,,,,,,,,,,,,,
14,0,0,,,,,,,,,,,,,,,,,,
15,0,0,,,,,,,,,,,,,,,,,,
16,0,0,,,,,,,,,,,,,,,,,,
17,0,0,,,,,,,,,,,,,,,,,,
18,0,0,,,,,,,,,,,,,,,,,,
19,0,0,,,,,,,,,,,,,,,,,,
20,0,0,,,,,,,,,,,,,,,,,,
21,0,0,,,,,,,,,,,,,,,,,,
22,0,0,,,,,,,,,,,,,,,,,,
23,0,0,,,,,,,,,,,,,,,,,,
24,0,0,,,,,,,,,,,,,,,,,,
25,0,0,,,,,,,,,,,,,,,,,,
26,0,0,,,,,,,,,,,,,,,,,,
27,0,0,,,,,,,,,,,,,,,,,,
28,0,0,,,,,,,,,,,,,,,,,,
29,0,0,,,,,,,,,,,,,,,,,,
30,0,0,,,,,,,,,,,,,,,,,,
31,0,0,,,,,,,,,,,,,,,,,,
32,0,0,,,,,,,,,,,,,,,,,,
33,0,0,,,,,,,,,,,,,,,,,,
34,1,0.14,*,,,,,,,,,,,,,,,,,
35,1,0.14,*,,,,,,,,,,,,,,,,,
36,0,0,,,,,,,,,,,,,,,,,,
37,1,0.14,*,,,,,,,,,,,,,,,,,
38,0,0,,,,,,,,,,,,,,,,,,
39,0,0,,,,,,,,,,,,,,,,,,
40,0,0,,,,,,,,,,,,,,,,,,
41,0,0,,,,,,,,,,,,,,,,,,
42,0,0,,,,,,,,,,,,,,,,,,
43,0,0,,,,,,,,,,,,,,,,,,
44,0,0,,,,,,,,,,,,,,,,,,
45,1,0.14,*,,,,,,,,,,,,,,,,,
46,1,0.14,*,,,,,,,,,,,,,,,,,
47,0,0,,,,,,,,,,,,,,,,,,
48,0,0,,,,,,,,,,,,,,,,,,
49,0,0,,,,,,,,,,,,,,,,,,
50,0,0,,,,,,,,,,,,,,,,,,
51,0,0,,,,,,,,,,,,,,,,,,
52,0,0,,,,,,,,,,,,,,,,,,
53,1,0.14,*,,,,,,,,,,,,,,,,,
54,0,0,,,,,,,,,,,,,,,,,,
55,0,0,,,,,,,,,,,,,,,,,,
56,1,0.14,*,,,,,,,,,,,,,,,,,
57,0,0,,,,,,,,,,,,,,,,,,
58,0,0,,,,,,,,,,,,,,,,,,
59,0,0,,,,,,,,,,,,,,,,,,
60,0,0,,,,,,,,,,,,,,,,,,
61,1,0.14,*,,,,,,,,,,,,,,,,,
62,1,0.14,*,,,,,,,,,,,,,,,,,
63,0,0,,,,,,,,,,,,,,,,,,
64,0,0,,,,,,,,,,,,,,,,,,
65,0,0,,,,,,,,,,,,,,,,,,
66,2,0.27,**,,,,,,,,,,,,,,,,,
67,1,0.14,*,,,,,,,,,,,,,,,,,
68,0,0,,,,,,,,,,,,,,,,,,
69,3,0.41,**,,,,,,,,,,,,,,,,,
70,1,0.14,*,,,,,,,,,,,,,,,,,
71,0,0,,,,,,,,,,,,,,,,,,
72,0,0,,,,,,,,,,,,,,,,,,
73,1,0.14,*,,,,,,,,,,,,,,,,,
74,0,0,,,,,,,,,,,,,,,,,,
75,1,0.14,*,,,,,,,,,,,,,,,,,
76,0,0,,,,,,,,,,,,,,,,,,
77,0,0,,,,,,,,,,,,,,,,,,
78,0,0,,,,,,,,,,,,,,,,,,
79,1,0.14,*,,,,,,,,,,,,,,,,,
80,2,0.27,**,,,,,,,,,,,,,,,,,
81,1,0.14,*,,,,,,,,,,,,,,,,,
82,0,0,,,,,,,,,,,,,,,,,,
83,0,0,,,,,,,,,,,,,,,,,,
84,1,0.14,*,,,,,,,,,,,,,,,,,
85,2,0.27,**,,,,,,,,,,,,,,,,,
86,1,0.14,*,,,,,,,,,,,,,,,,,
87,0,0,,,,,,,,,,,,,,,,,,
88,1,0.14,*,,,,,,,,,,,,,,,,,
89,1,0.14,*,,,,,,,,,,,,,,,,,
90,0,0,,,,,,,,,,,,,,,,,,
ÇQíiäK,48,6.530612,,,,,,,,,,,,,,,,,,
91,1,0.14,*,,,,,,,,,,,,,,,,,
92,0,0,,,,,,,,,,,,,,,,,,
93,2,0.27,**,,,,,,,,,,,,,,,,,
94,0,0,,,,,,,,,,,,,,,,,,
95,2,0.27,**,,,,,,,,,,,,,,,,,
96,1,0.14,*,,,,,,,,,,,,,,,,,
97,1,0.14,*,,,,,,,,,,,,,,,,,
98,0,0,,,,,,,,,,,,,,,,,,
99,1,0.14,*,,,,,,,,,,,,,,,,,
100,2,0.27,**,,,,,,,,,,,,,,,,,
101,1,0.14,*,,,,,,,,,,,,,,,,,
102,0,0,,,,,,,,,,,,,,,,,,
103,0,0,,,,,,,,,,,,,,,,,,
104,0,0,,,,,,,,,,,,,,,,,,
105,1,0.14,*,,,,,,,,,,,,,,,,,
106,1,0.14,*,,,,,,,,,,,,,,,,,
107,0,0,,,,,,,,,,,,,,,,,,
108,2,0.27,**,,,,,,,,,,,,,,,,,
109,3,0.41,**,,,,,,,,,,,,,,,,,
110,0,0,,,,,,,,,,,,,,,,,,
111,1,0.14,*,,,,,,,,,,,,,,,,,
112,1,0.14,*,,,,,,,,,,,,,,,,,
113,1,0.14,*,,,,,,,,,,,,,,,,,
114,1,0.14,*,,,,,,,,,,,,,,,,,
115,3,0.41,**,,,,,,,,,,,,,,,,,
116,3,0.41,**,,,,,,,,,,,,,,,,,
117,4,0.54,***,,,,,,,,,,,,,,,,,
118,0,0,,,,,,,,,,,,,,,,,,
119,1,0.14,*,,,,,,,,,,,,,,,,,
120,2,0.27,**,,,,,,,,,,,,,,,,,
121,1,0.14,*,,,,,,,,,,,,,,,,,
122,3,0.41,**,,,,,,,,,,,,,,,,,
123,1,0.14,*,,,,,,,,,,,,,,,,,
124,1,0.14,*,,,,,,,,,,,,,,,,,
125,2,0.27,**,,,,,,,,,,,,,,,,,
126,5,0.68,****,,,,,,,,,,,,,,,,,
ÇRíiäK,92,12.517006,,,,,,,,,,,,,,,,,,
127,5,0.68,****,,,,,,,,,,,,,,,,,
128,3,0.41,**,,,,,,,,,,,,,,,,,
129,1,0.14,*,,,,,,,,,,,,,,,,,
130,1,0.14,*,,,,,,,,,,,,,,,,,
131,2,0.27,**,,,,,,,,,,,,,,,,,
132,6,0.82,*****,,,,,,,,,,,,,,,,,
133,5,0.68,****,,,,,,,,,,,,,,,,,
134,5,0.68,****,,,,,,,,,,,,,,,,,
135,3,0.41,**,,,,,,,,,,,,,,,,,
136,2,0.27,**,,,,,,,,,,,,,,,,,
137,5,0.68,****,,,,,,,,,,,,,,,,,
138,2,0.27,**,,,,,,,,,,,,,,,,,
139,5,0.68,****,,,,,,,,,,,,,,,,,
140,3,0.41,**,,,,,,,,,,,,,,,,,
141,5,0.68,****,,,,,,,,,,,,,,,,,
142,6,0.82,*****,,,,,,,,,,,,,,,,,
143,4,0.54,***,,,,,,,,,,,,,,,,,
144,5,0.68,****,,,,,,,,,,,,,,,,,
145,4,0.54,***,,,,,,,,,,,,,,,,,
146,5,0.68,****,,,,,,,,,,,,,,,,,
147,2,0.27,**,,,,,,,,,,,,,,,,,
148,8,1.09,*******,,,,,,,,,,,,,,,,,
149,5,0.68,****,,,,,,,,,,,,,,,,,
ÇSíiäK,113,15.374149,,,,,,,,,,,,,,,,,,
150,12,1.63,**********,,,,,,,,,,,,,,,,,
151,7,0.95,******,,,,,,,,,,,,,,,,,
152,6,0.82,*****,,,,,,,,,,,,,,,,,
153,2,0.27,**,,,,,,,,,,,,,,,,,
154,7,0.95,******,,,,,,,,,,,,,,,,,
155,6,0.82,*****,,,,,,,,,,,,,,,,,
156,6,0.82,*****,,,,,,,,,,,,,,,,,
157,11,1.5,*********,,,,,,,,,,,,,,,,,
158,4,0.54,***,,,,,,,,,,,,,,,,,
159,5,0.68,****,,,,,,,,,,,,,,,,,
160,11,1.5,*********,,,,,,,,,,,,,,,,,
161,7,0.95,******,,,,,,,,,,,,,,,,,
162,5,0.68,****,,,,,,,,,,,,,,,,,
163,18,2.45,***************,,,,,,,,,,,,,,,,,
164,6,0.82,*****,,,,,,,,,,,,,,,,,
ÇTíiäK,154,20.95238,,,,,,,,,,,,,,,,,,
165,13,1.77,***********,,,,,,,,,,,,,,,,,
166,8,1.09,*******,,,,,,,,,,,,,,,,,
167,12,1.63,**********,,,,,,,,,,,,,,,,,
168,10,1.36,********,,,,,,,,,,,,,,,,,
169,14,1.9,***********,,,,,,,,,,,,,,,,,
170,12,1.63,**********,,,,,,,,,,,,,,,,,
171,16,2.18,*************,,,,,,,,,,,,,,,,,
172,22,2.99,******************,,,,,,,,,,,,,,,,,
173,16,2.18,*************,,,,,,,,,,,,,,,,,
174,16,2.18,*************,,,,,,,,,,,,,,,,,
175,15,2.04,************,,,,,,,,,,,,,,,,,
ÇUíiäK,121,16.462585,,,,,,,,,,,,,,,,,,
176,20,2.72,****************,,,,,,,,,,,,,,,,,
177,14,1.9,***********,,,,,,,,,,,,,,,,,
178,13,1.77,***********,,,,,,,,,,,,,,,,,
179,19,2.59,****************,,,,,,,,,,,,,,,,,
180,13,1.77,***********,,,,,,,,,,,,,,,,,
181,23,3.13,*******************,,,,,,,,,,,,,,,,,
182,19,2.59,****************,,,,,,,,,,,,,,,,,
ÇVíiäK,94,12.789115,,,,,,,,,,,,,,,,,,
183,22,2.99,******************,,,,,,,,,,,,,,,,,
184,7,0.95,******,,,,,,,,,,,,,,,,,
185,20,2.72,****************,,,,,,,,,,,,,,,,,
186,11,1.5,*********,,,,,,,,,,,,,,,,,
187,18,2.45,***************,,,,,,,,,,,,,,,,,
188,9,1.22,*******,,,,,,,,,,,,,,,,,
189,7,0.95,******,,,,,,,,,,,,,,,,,
ÇWíiäK,55,7.482993,,,,,,,,,,,,,,,,,,
190,15,2.04,************,,,,,,,,,,,,,,,,,
191,34,4.63,****************************,,,,,,,,,,,,,,,,,
192,6,0.82,*****,,,,,,,,,,,,,,,,,
193,0,0,,,,,,,,,,,,,,,,,,
ÇXíiäK,30,4.081632,,,,,,,,,,,,,,,,,,
194,4,0.54,***,,,,,,,,,,,,,,,,,
195,11,1.5,*********,,,,,,,,,,,,,,,,,
196,10,1.36,********,,,,,,,,,,,,,,,,,
197,0,0,,,,,,,,,,,,,,,,,,
198,0,0,,,,,,,,,,,,,,,,,,
199,0,0,,,,,,,,,,,,,,,,,,
200,5,0.68,****,,,,,,,,,,,,,,,,,
óﬂòaÇTîNìx â»ñ⁄ï ê¨ê—ï™ïzê}Åiñ{ééå±Åj,óﬂòa5îN2åé2ì˙,,,,,,,,,,,,,,,,,,,
â»ñ⁄ñº,ñûì_,ç≈çÇì_,ç≈í·ì_,ïΩãœì_,ïWèÄïŒç∑,éÛå±é“êî,ìæì_ó¶,ÇTï™ílÇeÇP,ÇTï™ílÇeÇQ,ÇTï™ílÇeÇR,ÇTï™ílÇeÇS,ÇPíiäK,ÇQíiäK,ÇRíiäK,ÇSíiäK,ÇTíiäK,ÇUíiäK,ÇVíiäK,ÇWíiäK,ÇXíiäK
äÿçëåÍ,200,200,0,158.51,41.34,185,0.7926,125,167,181,190,0Å`59,60Å`104,105Å`135,136Å`167,168Å`180,181Å`186,187Å`191,192Å`195,196Å`200
ì_êî,êlêî,î‰ó¶ÅiÅìÅj,,,,,,,,,,,,,,,,,,
ÇPíiäK,7,3.783783,,,,,,,,,,,,,,,,,,
0,1,0.54,***,,,,,,,,,,,,,,,,,
1,0,0,,,,,,,,,,,,,,,,,,
2,0,0,,,,,,,,,,,,,,,,,,
3,0,0,,,,,,,,,,,,,,,,,,
4,0,0,,,,,,,,,,,,,,,,,,
5,0,0,,,,,,,,,,,,,,,,,,
6,0,0,,,,,,,,,,,,,,,,,,
7,0,0,,,,,,,,,,,,,,,,,,
8,0,0,,,,,,,,,,,,,,,,,,
9,0,0,,,,,,,,,,,,,,,,,,
10,0,0,,,,,,,,,,,,,,,,,,
11,0,0,,,,,,,,,,,,,,,,,,
12,0,0,,,,,,,,,,,,,,,,,,
13,0,0,,,,,,,,,,,,,,,,,,
14,0,0,,,,,,,,,,,,,,,,,,
15,0,0,,,,,,,,,,,,,,,,,,
16,0,0,,,,,,,,,,,,,,,,,,
17,0,0,,,,,,,,,,,,,,,,,,
18,0,0,,,,,,,,,,,,,,,,,,
19,0,0,,,,,,,,,,,,,,,,,,
20,0,0,,,,,,,,,,,,,,,,,,
21,0,0,,,,,,,,,,,,,,,,,,
22,0,0,,,,,,,,,,,,,,,,,,
23,0,0,,,,,,,,,,,,,,,,,,
24,0,0,,,,,,,,,,,,,,,,,,
25,0,0,,,,,,,,,,,,,,,,,,
26,0,0,,,,,,,,,,,,,,,,,,
27,0,0,,,,,,,,,,,,,,,,,,
28,0,0,,,,,,,,,,,,,,,,,,
29,0,0,,,,,,,,,,,,,,,,,,
30,0,0,,,,,,,,,,,,,,,,,,
31,0,0,,,,,,,,,,,,,,,,,,
32,0,0,,,,,,,,,,,,,,,,,,
33,0,0,,,,,,,,,,,,,,,,,,
34,0,0,,,,,,,,,,,,,,,,,,
35,0,0,,,,,,,,,,,,,,,,,,
36,0,0,,,,,,,,,,,,,,,,,,
37,0,0,,,,,,,,,,,,,,,,,,
38,0,0,,,,,,,,,,,,,,,,,,
39,0,0,,,,,,,,,,,,,,,,,,
40,1,0.54,***,,,,,,,,,,,,,,,,,
41,0,0,,,,,,,,,,,,,,,,,,
42,0,0,,,,,,,,,,,,,,,,,,
43,0,0,,,,,,,,,,,,,,,,,,
44,0,0,,,,,,,,,,,,,,,,,,
45,0,0,,,,,,,,,,,,,,,,,,
46,0,0,,,,,,,,,,,,,,,,,,
47,0,0,,,,,,,,,,,,,,,,,,
48,0,0,,,,,,,,,,,,,,,,,,
49,0,0,,,,,,,,,,,,,,,,,,
50,0,0,,,,,,,,,,,,,,,,,,
51,2,1.08,******,,,,,,,,,,,,,,,,,
52,1,0.54,***,,,,,,,,,,,,,,,,,
53,0,0,,,,,,,,,,,,,,,,,,
54,0,0,,,,,,,,,,,,,,,,,,
55,0,0,,,,,,,,,,,,,,,,,,
56,2,1.08,******,,,,,,,,,,,,,,,,,
57,0,0,,,,,,,,,,,,,,,,,,
58,0,0,,,,,,,,,,,,,,,,,,
59,0,0,,,,,,,,,,,,,,,,,,
ÇQíiäK,13,7.027027,,,,,,,,,,,,,,,,,,
60,2,1.08,******,,,,,,,,,,,,,,,,,
61,1,0.54,***,,,,,,,,,,,,,,,,,
62,0,0,,,,,,,,,,,,,,,,,,
63,0,0,,,,,,,,,,,,,,,,,,
64,1,0.54,***,,,,,,,,,,,,,,,,,
65,2,1.08,******,,,,,,,,,,,,,,,,,
66,0,0,,,,,,,,,,,,,,,,,,
67,0,0,,,,,,,,,,,,,,,,,,
68,0,0,,,,,,,,,,,,,,,,,,
69,0,0,,,,,,,,,,,,,,,,,,
70,1,0.54,***,,,,,,,,,,,,,,,,,
71,0,0,,,,,,,,,,,,,,,,,,
72,0,0,,,,,,,,,,,,,,,,,,
73,1,0.54,***,,,,,,,,,,,,,,,,,
74,1,0.54,***,,,,,,,,,,,,,,,,,
75,1,0.54,***,,,,,,,,,,,,,,,,,
76,0,0,,,,,,,,,,,,,,,,,,
77,0,0,,,,,,,,,,,,,,,,,,
78,0,0,,,,,,,,,,,,,,,,,,
79,0,0,,,,,,,,,,,,,,,,,,
80,0,0,,,,,,,,,,,,,,,,,,
81,1,0.54,***,,,,,,,,,,,,,,,,,
82,0,0,,,,,,,,,,,,,,,,,,
83,0,0,,,,,,,,,,,,,,,,,,
84,0,0,,,,,,,,,,,,,,,,,,
85,0,0,,,,,,,,,,,,,,,,,,
86,0,0,,,,,,,,,,,,,,,,,,
87,0,0,,,,,,,,,,,,,,,,,,
88,0,0,,,,,,,,,,,,,,,,,,
89,0,0,,,,,,,,,,,,,,,,,,
90,0,0,,,,,,,,,,,,,,,,,,
91,0,0,,,,,,,,,,,,,,,,,,
92,1,0.54,***,,,,,,,,,,,,,,,,,
93,0,0,,,,,,,,,,,,,,,,,,
94,1,0.54,***,,,,,,,,,,,,,,,,,
95,0,0,,,,,,,,,,,,,,,,,,
96,0,0,,,,,,,,,,,,,,,,,,
97,0,0,,,,,,,,,,,,,,,,,,
98,0,0,,,,,,,,,,,,,,,,,,
99,0,0,,,,,,,,,,,,,,,,,,
100,0,0,,,,,,,,,,,,,,,,,,
101,0,0,,,,,,,,,,,,,,,,,,
102,0,0,,,,,,,,,,,,,,,,,,
103,0,0,,,,,,,,,,,,,,,,,,
104,0,0,,,,,,,,,,,,,,,,,,
ÇRíiäK,21,11.351351,,,,,,,,,,,,,,,,,,
105,1,0.54,***,,,,,,,,,,,,,,,,,
106,1,0.54,***,,,,,,,,,,,,,,,,,
107,1,0.54,***,,,,,,,,,,,,,,,,,
108,0,0,,,,,,,,,,,,,,,,,,
109,0,0,,,,,,,,,,,,,,,,,,
110,0,0,,,,,,,,,,,,,,,,,,
111,0,0,,,,,,,,,,,,,,,,,,
112,3,1.62,**********,,,,,,,,,,,,,,,,,
113,1,0.54,***,,,,,,,,,,,,,,,,,
114,0,0,,,,,,,,,,,,,,,,,,
115,0,0,,,,,,,,,,,,,,,,,,
116,2,1.08,******,,,,,,,,,,,,,,,,,
117,1,0.54,***,,,,,,,,,,,,,,,,,
118,1,0.54,***,,,,,,,,,,,,,,,,,
119,0,0,,,,,,,,,,,,,,,,,,
120,0,0,,,,,,,,,,,,,,,,,,
121,0,0,,,,,,,,,,,,,,,,,,
122,2,1.08,******,,,,,,,,,,,,,,,,,
123,1,0.54,***,,,,,,,,,,,,,,,,,
124,2,1.08,******,,,,,,,,,,,,,,,,,
125,1,0.54,***,,,,,,,,,,,,,,,,,
126,0,0,,,,,,,,,,,,,,,,,,
127,1,0.54,***,,,,,,,,,,,,,,,,,
128,0,0,,,,,,,,,,,,,,,,,,
129,1,0.54,***,,,,,,,,,,,,,,,,,
130,1,0.54,***,,,,,,,,,,,,,,,,,
131,1,0.54,***,,,,,,,,,,,,,,,,,
132,0,0,,,,,,,,,,,,,,,,,,
133,0,0,,,,,,,,,,,,,,,,,,
134,0,0,,,,,,,,,,,,,,,,,,
135,0,0,,,,,,,,,,,,,,,,,,
ÇSíiäK,32,17.297297,,,,,,,,,,,,,,,,,,
136,2,1.08,******,,,,,,,,,,,,,,,,,
137,0,0,,,,,,,,,,,,,,,,,,
138,1,0.54,***,,,,,,,,,,,,,,,,,
139,1,0.54,***,,,,,,,,,,,,,,,,,
140,1,0.54,***,,,,,,,,,,,,,,,,,
141,0,0,,,,,,,,,,,,,,,,,,
142,0,0,,,,,,,,,,,,,,,,,,
143,1,0.54,***,,,,,,,,,,,,,,,,,
144,0,0,,,,,,,,,,,,,,,,,,
145,0,0,,,,,,,,,,,,,,,,,,
146,1,0.54,***,,,,,,,,,,,,,,,,,
147,2,1.08,******,,,,,,,,,,,,,,,,,
148,2,1.08,******,,,,,,,,,,,,,,,,,
149,0,0,,,,,,,,,,,,,,,,,,
150,1,0.54,***,,,,,,,,,,,,,,,,,
151,2,1.08,******,,,,,,,,,,,,,,,,,
152,0,0,,,,,,,,,,,,,,,,,,
153,0,0,,,,,,,,,,,,,,,,,,
154,0,0,,,,,,,,,,,,,,,,,,
155,2,1.08,******,,,,,,,,,,,,,,,,,
156,1,0.54,***,,,,,,,,,,,,,,,,,
157,2,1.08,******,,,,,,,,,,,,,,,,,
158,0,0,,,,,,,,,,,,,,,,,,
159,1,0.54,***,,,,,,,,,,,,,,,,,
160,2,1.08,******,,,,,,,,,,,,,,,,,
161,2,1.08,******,,,,,,,,,,,,,,,,,
162,1,0.54,***,,,,,,,,,,,,,,,,,
163,2,1.08,******,,,,,,,,,,,,,,,,,
164,2,1.08,******,,,,,,,,,,,,,,,,,
165,1,0.54,***,,,,,,,,,,,,,,,,,
166,1,0.54,***,,,,,,,,,,,,,,,,,
167,1,0.54,***,,,,,,,,,,,,,,,,,
ÇTíiäK,34,18.378378,,,,,,,,,,,,,,,,,,
168,2,1.08,******,,,,,,,,,,,,,,,,,
169,3,1.62,**********,,,,,,,,,,,,,,,,,
170,4,2.16,*************,,,,,,,,,,,,,,,,,
171,2,1.08,******,,,,,,,,,,,,,,,,,
172,1,0.54,***,,,,,,,,,,,,,,,,,
173,2,1.08,******,,,,,,,,,,,,,,,,,
174,2,1.08,******,,,,,,,,,,,,,,,,,
175,1,0.54,***,,,,,,,,,,,,,,,,,
176,0,0,,,,,,,,,,,,,,,,,,
177,5,2.7,****************,,,,,,,,,,,,,,,,,
178,9,4.86,*****************************,,,,,,,,,,,,,,,,,
179,2,1.08,******,,,,,,,,,,,,,,,,,
180,1,0.54,***,,,,,,,,,,,,,,,,,
ÇUíiäK,25,13.513513,,,,,,,,,,,,,,,,,,
181,5,2.7,****************,,,,,,,,,,,,,,,,,
182,6,3.24,*******************,,,,,,,,,,,,,,,,,
183,3,1.62,**********,,,,,,,,,,,,,,,,,
184,4,2.16,*************,,,,,,,,,,,,,,,,,
185,0,0,,,,,,,,,,,,,,,,,,
186,7,3.78,***********************,,,,,,,,,,,,,,,,,
ÇVíiäK,32,17.297297,,,,,,,,,,,,,,,,,,
187,12,6.49,***************************************,,,,,,,,,,,,,,,,,
188,1,0.54,***,,,,,,,,,,,,,,,,,
189,0,0,,,,,,,,,,,,,,,,,,
190,2,1.08,******,,,,,,,,,,,,,,,,,
191,17,9.19,****************************************,OV,,,,,,,,,,,,,,,,
ÇWíiäK,9,4.864864,,,,,,,,,,,,,,,,,,
192,6,3.24,*******************,,,,,,,,,,,,,,,,,
193,0,0,,,,,,,,,,,,,,,,,,
194,0,0,,,,,,,,,,,,,,,,,,
195,3,1.62,**********,,,,,,,,,,,,,,,,,
ÇXíiäK,12,6.486486,,,,,,,,,,,,,,,,,,
196,8,4.32,**************************,,,,,,,,,,,,,,,,,
197,0,0,,,,,,,,,,,,,,,,,,
198,0,0,,,,,,,,,,,,,,,,,,
199,0,0,,,,,,,,,,,,,,,,,,
200,4,2.16,*************,,,,,,,,,,,,,,,,,
óﬂòaÇTîNìx ã≥â»ï ê¨ê—ï™ïzê}Åiñ{ééå±Åj,óﬂòa5îN2åé2ì˙,,,,,,,,,,,,,,,,,,,
ã≥â»ñº,ñûì_,ç≈çÇì_,ç≈í·ì_,ïΩãœì_,ïWèÄïŒç∑,éÛå±é“êî,ìæì_ó¶,ÇTï™ílÇeÇP,ÇTï™ílÇeÇQ,ÇTï™ílÇeÇR,ÇTï™ílÇeÇS,,,,,,,,,
ÉäÉXÉjÉìÉO,100,100,0,62.35,18.82,461993,0.6235,44,57,69,80,,,,,,,,,
ì_êî,êlêî,î‰ó¶ÅiÅìÅj,,,,,,,,,,,,,,,,,,
0,43,0.01,,,,,,,,,,,,,,,,,,
1,0,0,,,,,,,,,,,,,,,,,,
2,1,0,,,,,,,,,,,,,,,,,,
3,5,0,,,,,,,,,,,,,,,,,,
4,19,0,,,,,,,,,,,,,,,,,,
5,3,0,,,,,,,,,,,,,,,,,,
6,13,0,,,,,,,,,,,,,,,,,,
7,33,0.01,,,,,,,,,,,,,,,,,,
8,25,0.01,,,,,,,,,,,,,,,,,,
9,21,0,,,,,,,,,,,,,,,,,,
10,54,0.01,,,,,,,,,,,,,,,,,,
11,96,0.02,,,,,,,,,,,,,,,,,,
12,83,0.02,,,,,,,,,,,,,,,,,,
13,102,0.02,,,,,,,,,,,,,,,,,,
14,237,0.05,,,,,,,,,,,,,,,,,,
15,266,0.06,,,,,,,,,,,,,,,,,,
16,250,0.05,,,,,,,,,,,,,,,,,,
17,344,0.07,,,,,,,,,,,,,,,,,,
18,642,0.14,*,,,,,,,,,,,,,,,,,
19,576,0.12,*,,,,,,,,,,,,,,,,,
20,702,0.15,*,,,,,,,,,,,,,,,,,
21,967,0.21,*,,,,,,,,,,,,,,,,,
22,1252,0.27,**,,,,,,,,,,,,,,,,,
23,1134,0.25,*,,,,,,,,,,,,,,,,,
24,1522,0.33,**,,,,,,,,,,,,,,,,,
25,1972,0.43,***,,,,,,,,,,,,,,,,,
26,2016,0.44,***,,,,,,,,,,,,,,,,,
27,2136,0.46,***,,,,,,,,,,,,,,,,,
28,2808,0.61,****,,,,,,,,,,,,,,,,,
29,3121,0.68,****,,,,,,,,,,,,,,,,,
30,3087,0.67,****,,,,,,,,,,,,,,,,,
31,3384,0.73,****,,,,,,,,,,,,,,,,,
32,4048,0.88,*****,,,,,,,,,,,,,,,,,
33,4135,0.9,*****,,,,,,,,,,,,,,,,,
34,4169,0.9,*****,,,,,,,,,,,,,,,,,
35,4695,1.02,******,,,,,,,,,,,,,,,,,
36,5154,1.12,*******,,,,,,,,,,,,,,,,,
37,4974,1.08,******,,,,,,,,,,,,,,,,,
38,5234,1.13,*******,,,,,,,,,,,,,,,,,
39,5505,1.19,*******,,,,,,,,,,,,,,,,,
40,5773,1.25,*******,,,,,,,,,,,,,,,,,
41,5664,1.23,*******,,,,,,,,,,,,,,,,,
42,5834,1.26,********,,,,,,,,,,,,,,,,,
43,6184,1.34,********,,,,,,,,,,,,,,,,,
44,6076,1.32,********,,,,,,,,,,,,,,,,,
45,6007,1.3,********,,,,,,,,,,,,,,,,,
46,6377,1.38,********,,,,,,,,,,,,,,,,,
47,6657,1.44,*********,,,,,,,,,,,,,,,,,
48,6187,1.34,********,,,,,,,,,,,,,,,,,
49,6440,1.39,********,,,,,,,,,,,,,,,,,
50,6931,1.5,*********,,,,,,,,,,,,,,,,,
51,6848,1.48,*********,,,,,,,,,,,,,,,,,
52,6591,1.43,*********,,,,,,,,,,,,,,,,,
53,7005,1.52,*********,,,,,,,,,,,,,,,,,
54,7114,1.54,*********,,,,,,,,,,,,,,,,,
55,6911,1.5,*********,,,,,,,,,,,,,,,,,
56,7183,1.55,*********,,,,,,,,,,,,,,,,,
57,7568,1.64,**********,,,,,,,,,,,,,,,,,
58,7411,1.6,**********,,,,,,,,,,,,,,,,,
59,7282,1.58,*********,,,,,,,,,,,,,,,,,
60,7833,1.7,**********,,,,,,,,,,,,,,,,,
61,7785,1.69,**********,,,,,,,,,,,,,,,,,
62,7688,1.66,**********,,,,,,,,,,,,,,,,,
63,7932,1.72,**********,,,,,,,,,,,,,,,,,
64,8099,1.75,***********,,,,,,,,,,,,,,,,,
65,7947,1.72,**********,,,,,,,,,,,,,,,,,
66,8189,1.77,***********,,,,,,,,,,,,,,,,,
67,8148,1.76,***********,,,,,,,,,,,,,,,,,
68,8347,1.81,***********,,,,,,,,,,,,,,,,,
69,8365,1.81,***********,,,,,,,,,,,,,,,,,
70,8566,1.85,***********,,,,,,,,,,,,,,,,,
71,8687,1.88,***********,,,,,,,,,,,,,,,,,
72,8670,1.88,***********,,,,,,,,,,,,,,,,,
73,8820,1.91,***********,,,,,,,,,,,,,,,,,
74,8581,1.86,***********,,,,,,,,,,,,,,,,,
75,8543,1.85,***********,,,,,,,,,,,,,,,,,
76,8868,1.92,************,,,,,,,,,,,,,,,,,
77,8446,1.83,***********,,,,,,,,,,,,,,,,,
78,8552,1.85,***********,,,,,,,,,,,,,,,,,
79,8672,1.88,***********,,,,,,,,,,,,,,,,,
80,8353,1.81,***********,,,,,,,,,,,,,,,,,
81,7772,1.68,**********,,,,,,,,,,,,,,,,,
82,8267,1.79,***********,,,,,,,,,,,,,,,,,
83,7909,1.71,**********,,,,,,,,,,,,,,,,,
84,6685,1.45,*********,,,,,,,,,,,,,,,,,
85,6846,1.48,*********,,,,,,,,,,,,,,,,,
86,7398,1.6,**********,,,,,,,,,,,,,,,,,
87,5839,1.26,********,,,,,,,,,,,,,,,,,
88,4915,1.06,******,,,,,,,,,,,,,,,,,
89,6546,1.42,*********,,,,,,,,,,,,,,,,,
90,5397,1.17,*******,,,,,,,,,,,,,,,,,
91,2912,0.63,****,,,,,,,,,,,,,,,,,
92,4082,0.88,*****,,,,,,,,,,,,,,,,,
93,5080,1.1,*******,,,,,,,,,,,,,,,,,
94,1946,0.42,***,,,,,,,,,,,,,,,,,
95,924,0.2,*,,,,,,,,,,,,,,,,,
96,3823,0.83,*****,,,,,,,,,,,,,,,,,
97,1633,0.35,**,,,,,,,,,,,,,,,,,
98,288,0.06,,,,,,,,,,,,,,,,,,
99,166,0.04,,,,,,,,,,,,,,,,,,
100,1603,0.35,**,,,,,,,,,,,,,,,,,
óﬂòaÇTîNìx â»ñ⁄ï ê¨ê—ï™ïzê}Åiñ{ééå±Åj,óﬂòa5îN2åé2ì˙,,,,,,,,,,,,,,,,,,,
â»ñ⁄ñº,ñûì_,ç≈çÇì_,ç≈í·ì_,ïΩãœì_,ïWèÄïŒç∑,éÛå±é“êî,ìæì_ó¶,ÇTï™ílÇeÇP,ÇTï™ílÇeÇQ,ÇTï™ílÇeÇR,ÇTï™ílÇeÇS,ÇPíiäK,ÇQíiäK,ÇRíiäK,ÇSíiäK,ÇTíiäK,ÇUíiäK,ÇVíiäK,ÇWíiäK,ÇXíiäK
âpåÍÅiÉäÉXÉjÉìÉOÅj,100,100,0,62.35,18.82,461993,0.6235,44,57,69,80,0Å`28,29Å`36,37Å`45,46Å`57,58Å`69,70Å`78,79Å`85,86Å`91,92Å`100
ì_êî,êlêî,î‰ó¶ÅiÅìÅj,,,,,,,,,,,,,,,,,,
ÇPíiäK,17322,3.749407,,,,,,,,,,,,,,,,,,
0,43,0.01,,,,,,,,,,,,,,,,,,
1,0,0,,,,,,,,,,,,,,,,,,
2,1,0,,,,,,,,,,,,,,,,,,
3,5,0,,,,,,,,,,,,,,,,,,
4,19,0,,,,,,,,,,,,,,,,,,
5,3,0,,,,,,,,,,,,,,,,,,
6,13,0,,,,,,,,,,,,,,,,,,
7,33,0.01,,,,,,,,,,,,,,,,,,
8,25,0.01,,,,,,,,,,,,,,,,,,
9,21,0,,,,,,,,,,,,,,,,,,
10,54,0.01,,,,,,,,,,,,,,,,,,
11,96,0.02,,,,,,,,,,,,,,,,,,
12,83,0.02,,,,,,,,,,,,,,,,,,
13,102,0.02,,,,,,,,,,,,,,,,,,
14,237,0.05,,,,,,,,,,,,,,,,,,
15,266,0.06,,,,,,,,,,,,,,,,,,
16,250,0.05,,,,,,,,,,,,,,,,,,
17,344,0.07,,,,,,,,,,,,,,,,,,
18,642,0.14,*,,,,,,,,,,,,,,,,,
19,576,0.12,*,,,,,,,,,,,,,,,,,
20,702,0.15,*,,,,,,,,,,,,,,,,,
21,967,0.21,*,,,,,,,,,,,,,,,,,
22,1252,0.27,**,,,,,,,,,,,,,,,,,
23,1134,0.25,*,,,,,,,,,,,,,,,,,
24,1522,0.33,**,,,,,,,,,,,,,,,,,
25,1972,0.43,***,,,,,,,,,,,,,,,,,
26,2016,0.44,***,,,,,,,,,,,,,,,,,
27,2136,0.46,***,,,,,,,,,,,,,,,,,
28,2808,0.61,****,,,,,,,,,,,,,,,,,
ÇQíiäK,31793,6.881705,,,,,,,,,,,,,,,,,,
29,3121,0.68,****,,,,,,,,,,,,,,,,,
30,3087,0.67,****,,,,,,,,,,,,,,,,,
31,3384,0.73,****,,,,,,,,,,,,,,,,,
32,4048,0.88,*****,,,,,,,,,,,,,,,,,
33,4135,0.9,*****,,,,,,,,,,,,,,,,,
34,4169,0.9,*****,,,,,,,,,,,,,,,,,
35,4695,1.02,******,,,,,,,,,,,,,,,,,
36,5154,1.12,*******,,,,,,,,,,,,,,,,,
ÇRíiäK,51251,11.093458,,,,,,,,,,,,,,,,,,
37,4974,1.08,******,,,,,,,,,,,,,,,,,
38,5234,1.13,*******,,,,,,,,,,,,,,,,,
39,5505,1.19,*******,,,,,,,,,,,,,,,,,
40,5773,1.25,*******,,,,,,,,,,,,,,,,,
41,5664,1.23,*******,,,,,,,,,,,,,,,,,
42,5834,1.26,********,,,,,,,,,,,,,,,,,
43,6184,1.34,********,,,,,,,,,,,,,,,,,
44,6076,1.32,********,,,,,,,,,,,,,,,,,
45,6007,1.3,********,,,,,,,,,,,,,,,,,
ÇSíiäK,81812,17.708493,,,,,,,,,,,,,,,,,,
46,6377,1.38,********,,,,,,,,,,,,,,,,,
47,6657,1.44,*********,,,,,,,,,,,,,,,,,
48,6187,1.34,********,,,,,,,,,,,,,,,,,
49,6440,1.39,********,,,,,,,,,,,,,,,,,
50,6931,1.5,*********,,,,,,,,,,,,,,,,,
51,6848,1.48,*********,,,,,,,,,,,,,,,,,
52,6591,1.43,*********,,,,,,,,,,,,,,,,,
53,7005,1.52,*********,,,,,,,,,,,,,,,,,
54,7114,1.54,*********,,,,,,,,,,,,,,,,,
55,6911,1.5,*********,,,,,,,,,,,,,,,,,
56,7183,1.55,*********,,,,,,,,,,,,,,,,,
57,7568,1.64,**********,,,,,,,,,,,,,,,,,
ÇTíiäK,95026,20.568709,,,,,,,,,,,,,,,,,,
58,7411,1.6,**********,,,,,,,,,,,,,,,,,
59,7282,1.58,*********,,,,,,,,,,,,,,,,,
60,7833,1.7,**********,,,,,,,,,,,,,,,,,
61,7785,1.69,**********,,,,,,,,,,,,,,,,,
62,7688,1.66,**********,,,,,,,,,,,,,,,,,
63,7932,1.72,**********,,,,,,,,,,,,,,,,,
64,8099,1.75,***********,,,,,,,,,,,,,,,,,
65,7947,1.72,**********,,,,,,,,,,,,,,,,,
66,8189,1.77,***********,,,,,,,,,,,,,,,,,
67,8148,1.76,***********,,,,,,,,,,,,,,,,,
68,8347,1.81,***********,,,,,,,,,,,,,,,,,
69,8365,1.81,***********,,,,,,,,,,,,,,,,,
ÇUíiäK,77733,16.825579,,,,,,,,,,,,,,,,,,
70,8566,1.85,***********,,,,,,,,,,,,,,,,,
71,8687,1.88,***********,,,,,,,,,,,,,,,,,
72,8670,1.88,***********,,,,,,,,,,,,,,,,,
73,8820,1.91,***********,,,,,,,,,,,,,,,,,
74,8581,1.86,***********,,,,,,,,,,,,,,,,,
75,8543,1.85,***********,,,,,,,,,,,,,,,,,
76,8868,1.92,************,,,,,,,,,,,,,,,,,
77,8446,1.83,***********,,,,,,,,,,,,,,,,,
78,8552,1.85,***********,,,,,,,,,,,,,,,,,
ÇVíiäK,54504,11.797581,,,,,,,,,,,,,,,,,,
79,8672,1.88,***********,,,,,,,,,,,,,,,,,
80,8353,1.81,***********,,,,,,,,,,,,,,,,,
81,7772,1.68,**********,,,,,,,,,,,,,,,,,
82,8267,1.79,***********,,,,,,,,,,,,,,,,,
83,7909,1.71,**********,,,,,,,,,,,,,,,,,
84,6685,1.45,*********,,,,,,,,,,,,,,,,,
85,6846,1.48,*********,,,,,,,,,,,,,,,,,
ÇWíiäK,33007,7.14448,,,,,,,,,,,,,,,,,,
86,7398,1.6,**********,,,,,,,,,,,,,,,,,
87,5839,1.26,********,,,,,,,,,,,,,,,,,
88,4915,1.06,******,,,,,,,,,,,,,,,,,
89,6546,1.42,*********,,,,,,,,,,,,,,,,,
90,5397,1.17,*******,,,,,,,,,,,,,,,,,
91,2912,0.63,****,,,,,,,,,,,,,,,,,
ÇXíiäK,19545,4.230583,,,,,,,,,,,,,,,,,,
92,4082,0.88,*****,,,,,,,,,,,,,,,,,
93,5080,1.1,*******,,,,,,,,,,,,,,,,,
94,1946,0.42,***,,,,,,,,,,,,,,,,,
95,924,0.2,*,,,,,,,,,,,,,,,,,
96,3823,0.83,*****,,,,,,,,,,,,,,,,,
97,1633,0.35,**,,,,,,,,,,,,,,,,,
98,288,0.06,,,,,,,,,,,,,,,,,,
99,166,0.04,,,,,,,,,,,,,,,,,,
100,1603,0.35,**,,,,,,,,,,,,,,,,,
